	Hepatic necrosis	ALB	ATP2C1	ATP5D	CYP2C9	CYP2E1	GLRA1	GRIA1	KCNA1	ND1	SLC22A6	TOP2A
	Electric shock	CYP2B6	CYP2D6	SLC6A2	SLC6A3	SLC6A4
	Porphyria non-acute	ABCC8	CYP2C9	KCNJ1
	Cardiac failure	ABCB1	ABCG2	ADRB1	CYP3A7	KIT	PDGFRB	SCN5A	TOP2A
	Cytomegalovirus colitis	IMPDH1	IMPDH2	UGT1A1	UGT1A6	UGT1A7	UGT1A9	UGT2B7
	Musculoskeletal stiffness	ABCB1	ABL1	CYP1A2	CYP2C19	CYP2C9	CYP2D6	CYP3A4	CYP3A5	CYP3A7	DRD1	DRD3	DRD4	HTR1A	HTR1B	HTR1D	HTR2A	HTR2C	PTGER2	SCN4A	SLC6A4
	Atypical mycobacterial infection	IMPDH1	IMPDH2	UGT1A1	UGT1A6	UGT1A7	UGT1A9	UGT2B7
	Joint dislocation	CHRM1	HRH1
	Dermatitis infected	NR3C1
	Atelectasis	IMPDH1	UGT1A6
	Intermittent claudication	ADRB1	ADRB2
	Calcinosis	CYP24A1	VDR
	Jaundice	ABCB1	ABCB11	ABCC1	ABCC2	ABCC4	ABCG2	ADRA1A	ADRA1B	ADRA1D	ADRA2C	ALB	ALOX5	ATP4A	CHRM4	CHRM5	CYP1A2	CYP2B6	CYP2C19	CYP2C8	CYP2C9	CYP2D6	CYP3A4	CYP3A5	CYP3A7	DRD1	DRD2	DRD3	DRD4	DRD5	HRH1	HRH2	HRH4	HTR1A	HTR1E	HTR2A	HTR2C	HTR3A	HTR6	HTR7	KCNA1	KCNH2	ORM1	PTGS1	PTGS2	SLC22A6	SLC6A4	TOP2A	UGT1A1	UGT2B7
	Middle insomnia	SLC6A2	SLC6A3	SLC6A4
	Hyperbilirubinaemia	ABCB1	ABCG2	CYP2C9	CYP3A4	CYP3A7	DCK	IMPDH1	SLC28A1
	Influenza like illness	CYP3A4	FDPS
	Ear infection	CYP3A4
	Cogwheel rigidity	ADRA1A	ADRA1B	ADRA2A	ADRA2B	ADRA2C	CALM1	CHRM1	CHRM2	CHRM3	CHRM4	CHRM5	CYP2D6	CYP3A7	DRD1	DRD2	DRD3	DRD4	DRD5	HRH1	HTR1A	HTR1D	HTR1E	HTR2A	HTR2C	HTR3A	HTR6	HTR7
	Colitis ischaemic	ADRB1	ADRB2	HTR1B	HTR1F
	Crying	SLC6A4
	Decreased appetite	ABCB1	ABCC1	ABCC2	ABCG2	CA1	CA2	CA4	CYP1A2	CYP2C19	CYP2C8	CYP2C9	CYP2D6	CYP3A4	CYP3A5	CYP3A7	PTGS1	TOP2A	UGT1A1	UGT2B7
	Sleep apnoea syndrome	ADRA1A	ADRA2C	CYP3A4	DRD1	DRD2	DRD3	DRD4	HRH1	HTR1A	HTR1D	HTR2A	HTR2C
	Impulse-control disorder	DRD1	DRD2	DRD3	DRD4	DRD5	HTR1A	HTR7
	Gastrointestinal haemorrhage	ABCB1	ABCG2	ALB	ATP4A	CYP2C9	PTGS1	PTGS2
	Libido decreased	ABCB1	ACE	ADRA1A	ADRA1B	ADRA1D	ADRA2A	ADRA2C	AR	CACNA1H	CACNA2D2	CHRM5	CYP2C19	CYP2C9	CYP2D6	CYP3A4	CYP3A5	CYP3A7	DRD2	HRH1	HTR1A	HTR2A	HTR2C	HTR6	OPRK1	ORM1	SLC6A2	SLC6A3	SLC6A4
	Acidosis	ALB	SCN10A
	Infestation	ABCG2	CYP3A4	CYP3A5	CYP3A7	KIT	NR1I2	SLCO1B3
	Hyperphagia	ADRA1A	ADRA1B	ADRA2B	ADRA2C	CHRM1	CYP2D6	CYP3A4	DRD1	DRD2	DRD3	DRD4	HRH1	HTR1A	HTR1D	HTR1E	HTR2A	HTR2C
	Haemoptysis	ABCG2	CYP3A5	TOP2A
	Pseudomembranous colitis	CYP51A1	SLC15A1	SLC15A2	SLC22A5	SLC22A6	TOP2A
	Masked facies	ADRA1A	ADRA1B	ADRA2A	ADRA2B	ADRA2C	CHRM1	CHRM3	CHRM4	CHRM5	CYP2D6	DRD1	DRD2	DRD3	DRD4	DRD5	HRH1	HRH2	HRH4	HTR1A	HTR1B	HTR1D	HTR1E	HTR2A	HTR2C	HTR3A	HTR5A	HTR6	HTR7
	Hypotension	ABCB1	ADRA2C	CHRM3	CYP2C18	CYP2D6	CYP3A5	DRD1	DRD2	DRD3	DRD4	GABRQ	HRH4	HTR1A	HTR2A	HTR2C	HTR3A	HTR6	SCN5A
	Dyspepsia	ABCB1	ABCC4	CYP2C19	CYP2C8	CYP2C9	CYP2D6	CYP3A4	CYP3A5	CYP3A7	PTGS1	UGT1A3
	Retinal vascular occlusion	PDE5A
	Ulcerative keratitis	NR3C1	SERPINA6
	Arthralgia	ABCB1	ABCC2	ABCG2	ACE	AOX1	CYP1A2	CYP1B1	CYP2C19	CYP2C8	CYP2C9	CYP2D6	CYP3A4	CYP3A5	CYP3A7	DCK	HTR1D	SLCO1B1
	Cholangitis	IMPDH1	IMPDH2	UGT1A7	UGT1A9
	Peripheral nerve injury	SCN10A
	Hypertriglyceridaemia	ABCB1	CYP2C9	CYP2D6	CYP3A4	CYP3A5	CYP3A7	RXRB
	Hyperventilation	GABRQ	HTR1D
	Coronary artery thrombosis	ESR1	ESR2	SHBG	SLC22A1
	Respiratory tract infection	CYP3A4	IMPDH1
	Angiopathy	ABCB1	ABCG2	CYP2D6	CYP3A4	CYP3A5	CYP3A7	DRD3
	Drooling	ADRA1A	ADRA1B	ADRA2A	ADRA2B	ADRA2C	CHRM3	CYP2D6	CYP3A4	DRD1	DRD2	DRD3	DRD4	DRD5	HRH1	HTR1A	HTR1D	HTR1E	HTR2A	HTR2C	HTR3A	HTR6	HTR7
	Hypomagnesaemia	ATP4A	UGT1A6
	Diarrhoea	ABCB1	ABCC2	ABCG2	CYP2C19	CYP2C8	CYP2C9	CYP2D6	CYP3A4	CYP3A5	CYP3A7	PTGS1
	Haemorrhage	ABCG2	ALB	CYP2C9	CYP3A7	PTGS2	UGT1A9
	Gastrointestinal perforation	ABCC4	ABCG2	ALB	BCL2	CSF1R	CYP2C9	EGFR	FLT1	FLT3	FLT4	KDR	KIT	NR1I2	ORM1	PDGFRA	PDGFRB	PTGS1	PTGS2	SLC22A6	UGT1A1	UGT2B4
	Telangiectasia	ANXA1	NR0B1	NR3C1	SERPINA6
	Embolism	ABCB1	ABCC2	ABCG2	CYP19A1	CYP1A1	CYP1B1	CYP3A4	CYP3A7	ESR1	ESR2	FMO3	KIT	NR3C1	PDGFRB	RALBP1	SHBG	TYMS
	Neuralgia	BCL2	CYP2B6	CYP2C19	CYP2C9	CYP2D6	CYP3A4	CYP3A5	CYP3A7
	Gynaecomastia	ABCB1	ABCC2	ABCC4	ABCG2	ABL1	ADRA1A	ADRA1B	ADRA1D	ADRA2A	ADRA2B	ADRA2C	AR	ATP4A	CACNA1B	CACNA1C	CACNA1D	CACNA1H	CACNA1S	CACNA2D1	CACNA2D2	CACNB2	CALM1	CHRM1	CHRM2	CHRM3	CHRM4	CHRM5	CYP1A2	CYP2B6	CYP2C18	CYP2C19	CYP2C8	CYP2C9	CYP2D6	CYP3A4	CYP3A5	CYP3A7	DRD1	DRD2	DRD3	DRD4	DRD5	HMGCR	HRH1	HRH2	HRH4	HTR1A	HTR1D	HTR1E	HTR2A	HTR2C	HTR3A	HTR6	HTR7	KCND2	KCND3	KCNH2	KIT	ORM1	PDGFRB	SHBG	SLC22A1	SLC22A11	SLC22A4	SLC22A8	SLC6A2	SLC6A3	SLC6A4	SLCO1A2	SMPD1	UGT1A1	UGT2B7
	Disturbance in attention	ADRA1A	ADRA1B	ADRA2A	ADRA2C	CYP1A2	CYP2B6	CYP2C19	CYP2D6	CYP3A4	CYP3A5	CYP3A7	DRD1	DRD2	DRD3	DRD4	DRD5	HRH1	HTR1A	HTR1B	HTR1D	HTR2A	HTR2C	HTR7	KCNQ2	KCNQ3	OPRK1	SLC6A2	SLC6A3	SLC6A4
	Facial bones fracture	SLC6A2	SLC6A3
	Eye disorder	ABCB1	ABCG2	CYP1A2	CYP2C9	CYP2D6	CYP3A4	CYP3A5	CYP3A7
	Ascites	ABCG2	PDGFRB	TOP2A
	Androgenetic alopecia	AR
	Recall phenomenon	ABCB1	ABCC1	ABCC10	ABCC2	ABCC6	ABCG2	CDA	POR	RALBP1	RRM1	TOP2A	TOP2B
	Growth retardation	NR3C1	SERPINA6
	Onychomycosis	CYP2D6
	Ejection fraction decreased	TOP2A
	Dermatitis exfoliative	ALB	CYP1A2	CYP2C9	CYP3A5	CYP3A7	PTGS1	PTGS2	SLC22A11	SLC22A6	UGT1A9
	Haematocrit decreased	DRD1	DRD3	DRD4
	Idiopathic pulmonary fibrosis	ALOX5	CHUK	IKBKB
	Candida infection	ABCG2	ATP4A	TOP2A
	Menstruation irregular	ABCB1	ADRA1A	AR	CYP17A1	CYP1B1	CYP2C8	CYP2D6	CYP3A4	CYP3A5	CYP3A7	DRD1	DRD2	DRD3	DRD4	ESR1	HRH1	HTR1A	HTR2A	NR3C1	PGR	SHBG	SLCO1A2
	Cervical discharge	ESR2
	Hepatocellular injury	ABCB1	ABCG2	CYP2A6
	Nightmare	ABCB1	ADRA1A	ADRA1B	ADRA1D	ADRA2A	ADRA2B	ADRA2C	ADRB1	ADRB2	CHRM1	CHRM2	CHRM3	CHRM4	CHRM5	CHRNA4	CHRNA7	CYP1A2	CYP2B6	CYP2C19	CYP2C9	CYP2D6	CYP2E1	CYP3A4	CYP3A5	CYP3A7	DDC	DRD1	DRD2	DRD3	DRD4	DRD5	GABRA1	GABRA2	GABRA3	GABRA4	GABRA5	GABRA6	GABRB1	GABRB2	GABRB3	GABRD	GABRE	GABRG1	GABRG2	GABRG3	GABRP	GABRQ	GABRR1	GABRR2	GABRR3	GRIA2	GRIK2	HRH1	HTR1A	HTR1B	HTR1D	HTR2A	HTR2B	HTR2C	HTR3A	HTR6	HTR7	ORM1	SLC6A2	SLC6A3	SLC6A4	TSPO
	Troponin increased	ABL1	KIT
	Conjunctival hyperaemia	NR3C1	PTGFR
	Parkinsonian gait	ADRA1A	ADRA1B	ADRA2A	ADRA2B	ADRA2C	CYP2D6	DRD1	DRD2	DRD3	DRD4	DRD5	HRH1	HTR1A	HTR1D	HTR1E	HTR2A	HTR2C	HTR3A	HTR6	HTR7
	Rash	ABCB1	ABCG2	CYP2A6	CYP2C8	CYP2C9	CYP3A4	CYP3A5	CYP3A7
	Macular oedema	PTGFR
	Onychomadesis	TYMP
	Cold sweat	CYP2D6	CYP3A4	OPRD1	OPRK1	OPRM1
	Seborrhoeic dermatitis	ABCB1	ABCC1	ABCG2	ADRA2C	AR	CYP2D6	CYP3A4	CYP3A5	DRD1	DRD2	DRD3	DRD4	DRD5	HTR1D	HTR1E	HTR2A	HTR2C
	Hallucination, visual	CHRM1
	Emotional distress	UGT2B7
	Bradykinesia	ADRA1A	ADRA2B	ADRA2C	CBR1	CYP2D6	CYP3A5	CYP3A7	DRD1	DRD2	DRD3	DRD4	HRH1	HTR1A	HTR1D	HTR2A	HTR2C	HTR6
	Headache	CYP2C9	CYP3A4
	Dry eye	ABCB1	ABL1	ADRA2B	ADRA2C	CHRM1	CHRM2	CHRM3	CHRM4	CHRM5	CYP2D6	CYP3A4	CYP3A5	CYP3A7	DRD3	DRD4	HRH1	HTR1A	HTR1B	HTR1D	HTR1E	ORM1	SLC6A4
	Phenylketonuria	ADRA2B	ADRA2C	DRD1	DRD3	DRD4	HTR1D	HTR2C
	Ecchymosis	ABCB1	ABCG2	ABL1	ALB	CYP1A2	CYP2B6	CYP2C19	CYP2C9	CYP3A5	CYP3A7	P2RY12	PTGS1	PTGS2	UGT1A10	UGT1A3	UGT2B7
	Arthropathy	ABCB1	ABCG2	ATP4A	CYP2C9	CYP2D6	CYP3A4	CYP3A5	CYP3A7	HTR1D	HTR1E
	Vasculitis	ABCB1	ABCC2	ABCC4	ABCG2	ALB	ALOX5	CYP2A6	CYP2C19	CYP2C8	CYP2C9	CYP3A5	PTGS1	PTGS2	SLC22A6	SLC22A8	SLCO1A2	SLCO1B1	UGT1A3	UGT2B7
	Menorrhagia	ABCB1	ADRA2C	CYP2C19	CYP2C9	CYP3A4	CYP3A5	CYP3A7	DRD1	DRD2	DRD3	DRD4	DRD5	HRH1	HTR1A	HTR1D	HTR1E	HTR2A	HTR2C	HTR6	HTR7
	Haematuria	ABCC4	CYP2C19	CYP2C9	P2RY12	PTGS1	PTGS2	SLC22A6	SLC22A8	TOP2A
	Lower respiratory tract infection	ADRA2A	ADRA2B	ADRA2C	CSF1R	CYP3A5	CYP3A7	DRD1	DRD3	DRD4	HTR1A	HTR1B	HTR1D	HTR1E	HTR2C	PDGFRA
	Arrhythmia	ABCB1	CYP1A2	CYP2B6	CYP2D6	CYP3A5	KCNA1	TOP2A
	Hyperuricaemia	ABCB1	ABCC10	ABCG2	ABL1	AGTR1	CA2	CYP3A5	DCK	GSTP1	IMPDH1	IMPDH2	KIT	POLA1	RRM1	SLC12A1	SLC12A3	SLC28A3	SLC29A1	TOP2A	XDH
	Anorectal discomfort	ABCC6	CYP2D6	CYP3A4	CYP3A7	TOP2A
	Urethral disorder	ABCB1	ABCC10	ABCG2	CYP2C9	CYP2D6	CYP3A4	CYP3A5	CYP3A7
	Chest pain	ABCB1	ABCC10	ABCG2	CYP1A2	CYP2C8	CYP2C9	CYP2D6	CYP3A4	CYP3A5	CYP3A7	TOP2A
	Abdominal discomfort	CYP3A5	CYP3A7	DRD4	HTR1B	HTR1D	UGT1A1
	Thinking abnormal	ABCB1	CYP1A2	CYP2B6	CYP2C19	CYP3A4	CYP3A5	GABRA1	GABRA2	GABRA3	GABRA5	GABRB1	GABRB2	GABRB3	GABRD	GABRE	GABRG1	GABRG2	GABRG3	GABRP	GABRQ	GABRR1	GABRR2	GABRR3	TSPO	UGT1A6	UGT1A8
	Urticaria vesiculosa	ABL2	EPHA2	FYN	LCK	SRC	STAT5B	YES1
	Lung infiltration	RRM1	SLC28A3
	Enuresis	ADRA1A	ADRA1B	ADRA2A	ADRA2B	ADRA2C	CHRM2	CHRM3	CHRM4	CHRM5	CYP3A4	CYP3A5	CYP3A7	DRD1	DRD2	DRD3	DRD4	HRH1	HTR1A	HTR1B	HTR1D	HTR1E	HTR2A	HTR2C	HTR3A	HTR6	HTR7	SCN4B	SCN9A
	Nail disorder	ABCB1	ABCC1	ABCC10	ABCC4	ABCG2	CYP1A1	CYP1B1	CYP2C8	CYP2C9	CYP3A4	CYP3A5	CYP3A7	EGFR	KIT	NR1I2	ORM1	PDGFRB	TYMP	TYMS
	Gastrooesophageal reflux disease	ABCB1	ABCG2	CHRM1	CHRM3	CYP2D6	CYP3A4	CYP3A5	CYP3A7	FDPS	HTR1D	KIT	OPRD1	PDE5A
	Wound secretion	F10
	Disorientation	ABCB1	ADRA1D	ADRB1	ADRB2	ADRB3	CHRM1	CHRM2	CHRM3	CHRM4	CHRM5	CYP1A2	CYP2B6	CYP2C19	CYP2C9	CYP2D6	CYP3A4	CYP3A7	DRD2	GABRA2	GABRA3	GABRA4	GABRA6	GABRB1	GABRB2	GABRB3	GABRD	GABRE	GABRG1	GABRG2	GABRG3	GABRP	GABRQ	GABRR1	GABRR2	GABRR3	HRH1	HTR1A	HTR2A	HTR2C	HTR6	OPRD1	OPRK1	OPRM1	ORM1	SLC6A2	SLC6A3	SLC6A4
	Hydronephrosis	FKBP1A	IMPDH1	IMPDH2	MTOR	UGT1A7
	Priapism	ADRA1A	ADRA1B	ADRA1D	ADRA2A	ADRA2B	ADRA2C	AR	CALY	CHRM1	CHRM2	CHRM3	CHRM4	CHRM5	CYP1A1	CYP1A2	CYP2C19	CYP2D6	DRD1	DRD2	DRD3	DRD4	DRD5	FMO3	HRH1	HTR1A	HTR1B	HTR1D	HTR1E	HTR2A	HTR2C	HTR3A	HTR6	HTR7	KCNH2	KCNH6	KCNH7	ORM1	PDE5A	PDE6G	PDE6H	SLC6A4	UGT1A4
	Rhinorrhoea	OPRD1	OPRK1	OPRM1
	Oesophageal ulcer	ABCB1	ABCG2	CYP3A4
	Hyperammonaemia	GRIN2A	GRIN2B
	Blood potassium decreased	FLT1	FLT3	FLT4	KDR	KIT	TOP2A
	Hypertonia	ABAT	ATP4A	CACNA2D1	CYP1A2	CYP2C19	CYP2C9	CYP2D6	CYP3A4	CYP3A5	CYP3A7	HTR1D	HTR1E	IMPDH1	SCN2A	SCN4A	TOP2A	UGT1A6	UGT1A8	UGT2B7
	Goitre	ATP4A	CYP2C19	CYP2D6	CYP3A4	HTR2B	SLC6A4
	Retrograde amnesia	CYP2E1	GABRA1	GABRA2	GABRA3	GABRA4	GABRA5	GABRA6	GABRB1	GABRB2	GABRB3	GABRD	GABRE	GABRG1	GABRG2	GABRG3	GABRP	GABRR1	GABRR2	GABRR3
	Fungal infection	ABCG2	TOP2A
	Haemorrhagic disorder	SLC6A2	SLC6A4
	Vasospasm	HTR1A	HTR1B	HTR1D	HTR1F	HTR2B	UGT1A7
	Neck injury	SLC6A2	SLC6A4
	Irritable bowel syndrome	CYP2D6
	Skin hyperpigmentation	ABCG2	TOP2A
	Myocardial infarction	ABCB1	ABCC4	ABCG2	ACE	CYP1A2	CYP1B1	CYP2C9	CYP3A4	CYP3A5	CYP3A7	HTR1B	HTR1D	PTGS1	PTGS2	SLC6A2	SLC6A4	SLCO1A2	SLCO1B1	SLCO4A1	TOP2A
	Urinary tract disorder	ABCB1	ABCC10	ABCG2	CYP2C9	CYP2D6	CYP3A4	CYP3A5	CYP3A7
	Acute coronary syndrome	ABCB1	ABCC10	ABCC2	ABCC4	ABCG2	ACE	CYP1A2	CYP1B1	CYP2C9	CYP3A4	CYP3A5	CYP3A7	HTR1B	HTR1D	KIT	PTGS1	PTGS2	SLC6A2	SLC6A4	SLCO1A2	SLCO1B1	SLCO4A1	TOP2A
	Eye infection	NR3C1	SERPINA6
	Ischaemia	ABCG2	HTR1D	HTR1F	MAOA
	Endocarditis	IMPDH1
	Albuminuria	ATP4A	CYP2C9	CYP3A4	TOP2A
	Cryptococcosis	ABCC2	IMPDH1	IMPDH2	UGT1A6	UGT1A7
	Hypothermia	ADRA1B	ADRA2A	ADRA2B	ADRA2C	CBR1	CHRM2	CHRM3	CHRM4	CHRM5	CYP1A2	CYP2B6	CYP2C19	CYP2D6	CYP3A4	CYP3A5	CYP3A7	DRD1	DRD2	DRD3	DRD4	DRD5	GABRA1	GABRQ	GRIN2B	GRIN3A	HTR1A	HTR1B	HTR1D	HTR1E	HTR2A	HTR2C	HTR3A	HTR6	HTR7	OPRD1
	Bronchitis	CES1	CYP2C19	CYP2C8	CYP2C9	CYP3A4
	Immune-mediated necrotising myopathy	ABCC2	HMGCR	SLCO1A2	SLCO1B1	UGT1A1	UGT1A3	UGT2B7
	Arteriospasm coronary	HTR1B	HTR1D	HTR1F	MAOA
	Chronic myeloid leukaemia	ABL1	KIT	PDGFRB
	Aplasia pure red cell	ADK	IMPDH1	IMPDH2	UGT1A6	UGT1A7	UGT2B7
	Muscle twitching	ABAT	ABCB1	ADRA2B	ADRA2C	CHRM5	CYP1A2	CYP2A6	CYP2B6	CYP2C9	CYP2D6	CYP3A4	CYP3A5	CYP3A7	DRD1	DRD3	DRD4	GABRQ	HRH1	HTR1A	HTR1B	HTR1D	HTR1E	HTR2A	HTR2C	HTR3A	HTR6	HTR7	OPRD1	OPRK1	OPRM1	SCN2A	SLC6A2	SLC6A3	SLC6A4	UGT1A4
	Metrorrhagia	CYP1A2	CYP2C19	CYP2C9	CYP3A4	CYP3A5	CYP3A7	ESR1	PGR	SLCO2B1
	Platelet aggregation abnormal	ABL2	EPHA2	FYN	LCK	SRC	STAT5B	YES1
	Paraparesis	NR3C1	SERPINA6
	Hostility	ABCB1	CYP2B6	CYP2C18	CYP2C19	CYP2C8	CYP2C9	CYP3A4	CYP3A5	CYP3A7	DRD3	DRD4	DRD5	GABRA1	GABRA2	GABRA3	GABRA5	GABRB1	GABRB2	GABRB3	GABRD	GABRE	GABRG1	GABRG2	GABRG3	GABRP	GABRQ	GABRR1	GABRR2	GABRR3	GRIN3B	HRH1	HTR1A	HTR1D	HTR1E	HTR2A	HTR2C	HTR3A	HTR6	HTR7	SLC6A1	SLC6A2	SLC6A3	SLC6A4	TSPO	UGT1A4
	Hypotonia	ADRA2A	ADRA2B	ADRA2C	AOX1	CYP2D6	CYP3A4	CYP3A7	DRD1	DRD3	DRD4	DRD5	GABBR1	HTR1D	HTR2A	HTR2C	OPRD1	OPRK1	SCN2A	SCN5A	TSPO
	Thrombocytopenia	ABCB1	ABCC2	ABCG2	ALB	CYP2C19	CYP2C8	CYP2C9	CYP2D6	DCK	HTR2A	PTGS1	PTGS2	SLC15A1	SLC15A2	SLC22A6	SLC22A8	SLC29A1	TOP2A	UGT1A1	UGT1A3
	Amenorrhoea	ABCB1	ADRA1A	ADRA2A	ADRA2C	AR	CHRM1	CYP17A1	CYP1B1	CYP2B6	CYP2C19	CYP2C8	CYP2D6	CYP3A4	CYP3A5	CYP3A7	DRD1	DRD2	DRD3	DRD4	DRD5	ESR1	HRH1	HTR1A	HTR1D	HTR1E	HTR2A	HTR2C	HTR3A	HTR6	HTR7	PGR	SHBG
	Anaemia megaloblastic	CHRNA4	CHRNA7	DHFR	GABRA1	GABRA4	GABRA6	GRIA2	GRIK2	SLC46A1
	Peptic ulcer	ALB	IMPDH1	PTGS1	PTGS2	UGT2B7
	Respiratory distress	ADRB1	ADRB2
	Myelitis transverse	ALOX5	CHUK	IKBKB	PPARG
	Venoocclusive disease	GSTA1
	Fat embolism	ANXA1	NR3C1	SERPINA6	SLCO1A2
	Septic shock	ABCG2	TOP2A
	Epistaxis	ABCB1	ABCC4	ABCG2	ALB	CYP2C19	CYP2C8	CYP2C9	CYP2D6	CYP3A4	CYP3A5	CYP3A7	HTR1D	KIT	P2RY12
	Oral disorder	FDPS
	Chorea	ESR1
	Ischaemic cardiomyopathy	GJA1	HIF1A	NDUFC2	NPPB	SELE	VCAM1
	Speech disorder	ABCB1	CYP2C19	CYP3A4	CYP3A7	HTR1B	HTR1D	HTR1E	SCN5A
	Urinary hesitation	CHRM1	CHRM2	CHRM3	CHRM4	CHRM5	CYP2D6	OPRD1	SLC6A2	SLC6A4
	Lymphopenia	ABCG2	CSF1R	FLT1	FLT3	FLT4	KDR	KIT	PDGFRA	PDGFRB	RRM1	SLC28A3
	Polyuria	CACNA2D1	CYP2C19	CYP2C8	CYP2C9	CYP2D6	CYP3A4	CYP3A5	CYP3A7	HTR1D	HTR1E	UGT2B4
	Acute myeloid leukaemia	ABCC1	XDH
	Ventricular tachycardia	ABCB1	ADRA1A	ADRA1B	ADRA2A	ADRA2C	CHRM1	CHRM2	CHRM3	CHRM4	CHRM5	CYP1A2	CYP2B6	CYP2C19	CYP2D6	CYP3A4	CYP3A5	CYP3A7	DRD1	DRD2	DRD3	DRD4	FMO3	HRH1	HTR1A	HTR1B	HTR1D	HTR2A	HTR2C	HTR6	HTR7	KCND2	KCND3	KCNH2	ORM1	PDE3A	SLC6A4
	Pancreatic neoplasm	ADRA2B	ADRA2C	DRD1	DRD3	DRD4	HTR1D	HTR2C
	Dermal cyst	CYP2D6	SLC6A2
	Colitis ulcerative	ATP4A
	Feeling cold	ADRB1	ADRB2	HTR1B
	Secondary adrenocortical insufficiency	NR3C1	SERPINA6
	Agranulocytosis	ABCB1	ABCC8	ACE	ALB	CA2	CA4	CYP1A2	CYP2C19	CYP2C9	CYP2D6	DRD1	DRD2	HRH1	HTR2A	HTR2C	HTR6	PTGS1	PTGS2	SLC15A1	SLC15A2	SLC22A6	TOP2A	TYMS	UGT1A10	UGT1A9	UGT2B7
	Anterior spinal artery syndrome	SCN10A
	Endocrine disorder	ABCB1	ADRA2C	COMT	CYP2D6	CYP3A4	CYP3A5	CYP3A7	DRD1	DRD2	DRD3	DRD4	HRH1	HTR2A	HTR2C	HTR7
	Visual brightness	PDE5A	PDE6G	PDE6H
	Cheilitis	ABCG2	CYP3A5	CYP3A7	IMPDH1	RXRB
	Hyperacusis	CYP2B6	HTR1D	SCN5A	TSPO
	Epigastric discomfort	CA1	CA2	CA4	CYP2C19	SLC12A1	SLC12A3
	Reye's syndrome	IKBKB	PTGS2
	Proctitis	ABCC6	ABCG2	PLA2G2A
	Exophthalmos	NR3C1
	Prothrombin level increased	TOP2A	UGT1A6
	Abnormal sensation in eye	PDE6G	PDE6H
	Serotonin syndrome	ADRA1A	CHRM1	CYP1A2	CYP2B6	CYP2D6	HRH1	HTR1A	HTR1B	HTR1D	HTR1E	HTR1F	HTR2A	HTR2C	HTR7	MAOA	OPRK1	SLC6A2	SLC6A3	SLC6A4
	Antinuclear antibody positive	ACE	SLC15A1
	Crohn's disease	ABCC4	ALOX5	PLA2G2A	PPARG	PTGS1	PTGS2	SLC22A11	SLC22A8	UGT1A1	UGT2B7
	Lung disorder	ABCG2
	Hypernatraemia	NR3C1
	Dependence	CYP2B6	CYP2D6	CYP3A4	GABRA1	GABRG2	GABRQ	OPRD1	OPRK1	OPRM1	SLC6A2	SLC6A3	SLC6A4	TSPO
	Blood disorder	DRD2
	Application site pain	RARG	RXRB
	Catheter site haemorrhage	DNMT1
	Pemphigus	ACE	SLC15A1	SLC15A2
	Pulmonary arterial hypertension	SLC6A2
	Oesophagitis	ABCB1	ABCC1	ABCG2	ATP4A	CYP2C9	CYP3A4	CYP3A5	CYP3A7	FDPS	PTGS2	TOP2A
	Hyperprolactinaemia	ADRA1A	ADRA1B	ADRA2A	ADRA2B	ADRA2C	CHRM1	CYP2D6	CYP3A5	CYP3A7	DRD1	DRD2	DRD3	DRD4	DRD5	HRH1	HTR1A	HTR1B	HTR1D	HTR2A	HTR2C	SLC6A2	SLC6A4
	Coordination abnormal	ABCB1	ADRA1A	ADRA1B	ADRA2A	ADRA2C	CHRM1	CHRM2	CHRM3	CHRM4	CHRM5	CYP1A2	CYP2B6	CYP2C19	CYP2C9	CYP2D6	CYP3A4	CYP3A5	CYP3A7	DRD2	DRD3	DRD4	DRD5	GABRA1	GABRQ	HRH1	HTR1A	HTR1B	HTR1D	HTR1E	HTR2A	HTR2C	HTR3A	HTR6	HTR7	KCNQ2	KCNQ3	MAOA	ORM1	SCN1A	SCN5A	SCN9A	SLC6A2	SLC6A3	SLC6A4	TSPO	UGT1A3
	Ileus paralytic	ABCB1	ADRA1A	ADRA1B	ADRA1D	ADRA2A	ADRA2C	ADRB3	CACNA1A	CALM1	CALY	CHRM1	CHRM2	CHRM3	CHRM4	CHRM5	CYP2D6	DRD1	DRD2	DRD5	HRH1	HRH4	HTR1A	HTR2A	HTR2C	HTR6	HTR7	KCND2	KCND3	OPRD1	OPRK1	OPRM1	ORM1	ORM2	SLC6A2	SLC6A3	SLC6A4	SMPD1	TUBB
	Tension headache	SLC6A2	SLC6A3	SLC6A4
	Cutaneous vasculitis	CA1	CA12	CA2	CA4	CA9	SLC12A1	SLC12A3	UGT1A10	UGT1A3
	Capillary leak syndrome	CDA	DCK	RRM1
	Hiccups	ABCB1	ABCG2	ATP4A	CYP2B6	CYP3A4	CYP3A5	CYP3A7	GABRA1	HTR1B	HTR1D	HTR1E	HTR3A	TOP2A	UGT1A6	UGT1A8	UGT1A9
	Eosinophil count increased	ADRA2B	ADRA2C	DRD1	DRD3	DRD4	HTR1D	HTR2C
	Herpes dermatitis	FKBP1A
	Epilepsy	ESR1	SHBG	SLCO1A2
	Large intestine perforation	BCL2
	Angle closure glaucoma	ADRA1A	CHRM1	CHRM2	CHRM3	CHRM4	CHRM5	CYP2D6	HRH1	HTR2A	HTR2C	SLC6A2	SLC6A3	SLC6A4
	Increased appetite	ABCB1	ADRA2C	ATP4A	CYP1A2	CYP1B1	CYP2C19	CYP2C9	CYP2D6	CYP3A4	CYP3A5	CYP3A7	DRD1	DRD2	DRD3	DRD4	HRH1	HTR1A	HTR1D	HTR1E	HTR2A	HTR2C	HTR6	HTR7	ORM1	SLC6A4
	Myoglobin urine present	HMGCR	SLCO2B1
	Hypokalaemia	ABCB1	ABCG2	CDA	CYP3A4	CYP3A5	CYP3A7	KIT	PDGFRB
	Muscle tightness	ADRA1A	ADRA2A	ADRA2B	ADRA2C	CHRM1	CYP2D6	DRD1	DRD2	DRD3	DRD4	HRH1	HTR1A	HTR1D	HTR2A	HTR2C	SLC6A2	SLC6A3	SLC6A4
	Ear malformation	IMPDH1	IMPDH2	UGT1A1	UGT1A6	UGT1A7	UGT1A9	UGT2B7
	Convulsion	ABCB1	ADORA1	ADORA2A	ALB	CYP2D6	CYP3A4	DRD2	HRH1	HTR1A	HTR1D	HTR2A	HTR2C	HTR3A	HTR6	HTR7	OPRD1	OPRK1	OPRM1	SLC6A2	SLC6A3	SLC6A4
	Limb injury	SLC6A2	SLC6A3	SLC6A4
	Injection site reaction	ATP4A	CDA
	Blunted affect	ADRA1A	ADRA1B	ADRA2A	ADRA2B	ADRA2C	CHRM1	CYP2D6	DRD1	DRD2	DRD3	DRD4	HRH1	HTR1A	HTR1D	HTR2A	HTR2C
	Asphyxia	CALM1	DRD1	DRD2
	Pregnancy test false positive	ADRA1A	CALM1	DRD1	DRD2	HTR2A
	Adrenocortical insufficiency acute	ANXA1	NR3C1	SLCO1A2
	Vasculitis necrotising	CA1	CA12	CA2	CA4	CA9	SLC12A1	SLC12A3
	Breast discomfort	ESR1	ESR2
	Gastric atony	OPRD1	OPRK1	OPRM1	UGT1A8
	Vulvovaginal mycotic infection	ESR1	TOP2A
	Breast discharge	ESR1	HTR1A	HTR1D	PGR	SHBG
	Body temperature increased	ABCB1	ABCG2	CYP1A2	CYP2C19	CYP2C9	CYP2D6	CYP3A4	CYP3A5	CYP3A7	ORM1	SLC22A6	XDH
	Defect conduction intraventricular	SCN5A
	Injury	ABCB1	ABCC2	ABCG2	CYP2B6	CYP2C19	CYP2C8	CYP2C9	CYP2D6	CYP3A4	CYP3A5	CYP3A7	SLCO1A2	SLCO1B1
	Connective tissue disorder	ABCB1	ABCG2	CYP3A4	CYP3A5	CYP3A7
	Dyskinesia	ABCB1	ADRA1A	ADRA1B	ADRA2A	ADRA2B	ADRA2C	CALM1	CALY	CHRM1	CHRM2	CHRM3	CHRM4	CHRM5	CYP1A2	CYP2B6	CYP2C19	CYP2D6	CYP3A4	CYP3A5	CYP3A7	DRD1	DRD2	DRD3	DRD4	DRD5	GRIN2B	HRH1	HRH2	HRH4	HTR1A	HTR1B	HTR1D	HTR1E	HTR2A	HTR2B	HTR2C	HTR3A	HTR6	HTR7	ORM1	SCN2A	SLC6A2	SLC6A3	SLC6A4	UGT1A4
	Weight decreased	ABCB1	ABCG2	ADRA2C	CYP2C9	CYP2D6	CYP3A4	CYP3A5	CYP3A7	DRD1	DRD2	DRD3	DRD4	DRD5	HTR1A	HTR1D	HTR1E	HTR2A	HTR2C	HTR6	HTR7	KIT	PDGFRB	SLC6A4
	Biliary fibrosis	TYMP	TYMS
	Extravasation	ABCB1	ABCB11	ABCC1	ABCC10	ABCC2	ABCC3	ABCC6	ABCG2	ATP7A	ATP7B	CYP1B1	CYP4A11	FPGS	GSTM1	GSTP1	GSTT1	MT1A	MT2A	NQO1	POR	POU5F1	SLC22A2	SLC31A1	SLC31A2	SOD1	TOP1	TOP1MT	TOP2A	TOP2B	TUBB	TYMS
	Binge eating	ADRA2B	DRD1	DRD3	DRD4	DRD5
	Diabetic coma	ADRA1A	ADRA1B	ADRA2A	ADRA2B	ADRA2C	CHRM1	CHRM2	CHRM3	CHRM4	CHRM5	CYP2D6	CYP3A5	DRD1	DRD2	DRD3	DRD4	DRD5	HRH1	HTR1A	HTR1B	HTR1D	HTR1E	HTR2A	HTR2C	HTR3A	HTR6	HTR7
	Type 2 diabetes mellitus	ADRA2A	ADRA2B	ADRA2C	DRD1	DRD2	DRD3	DRD4	DRD5	HTR1A	HTR1B	HTR1D	HTR2A	HTR2B	HTR2C
	Aplastic anaemia	ABCC8	ALB	CA1	CA12	CA2	CA4	CA9	CYP2C19	CYP2C9	KCNJ1	PTGS1	PTGS2	SLC15A1	SLC15A2	SLC22A11	SLC22A5	SLC22A6	SLC22A7	SLC22A8	UGT1A10	UGT1A3	UGT2B7
	Tumour necrosis	ABCG2	CSF1R	KIT	PDGFRA	PDGFRB
	Endometrial hyperplasia	CYP1B1	ESR1	SLCO2B1
	Withdrawal hypertension	NPR1
	Respiratory failure	CHRNA4	CHRNA7	GABRQ	GRIA2	GRIK2
	Micturition urgency	CYP2D6	SLC6A4
	Parkinsonian rest tremor	ADRA1A	ADRA1B	ADRA2A	ADRA2B	ADRA2C	CALM1	DRD1	DRD2	DRD3	DRD4	HRH1	HTR1A	HTR1D	HTR2A	HTR2C
	Heart disease congenital	NQO1
	Cardiac arrest	ABCB1	CYP2B6	CYP2D6	CYP3A4	CYP3A5	CYP3A7	DRD1	DRD2	OPRK1	OPRM1	SCN10A	SCN5A
	Tourette's disorder	SLC6A3
	Delayed delivery	SCN10A
	Embolism venous	ABCB1	ADRA1B	ADRA2A	ADRA2C	CYP19A1	CYP1B1	CYP3A4	CYP3A7	DRD1	DRD2	DRD3	DRD4	DRD5	ESR1	ESR2	HRH1	HTR1D	HTR1E	HTR2A	HTR2C	HTR3A	HTR6	HTR7	NR3C1	RALBP1	SHBG	SLCO1A2
	Dermatitis psoriasiform	ADRB1	ADRB2
	Sinus tachycardia	ABCC1	ADA	ADORA1	ADORA2A	ADORA2B	ADORA3	CHRM1	CHRM2	CHRM3	CHRM4	CHRM5	HDAC2	HTR2A	HTR2C	PDE3A	SLC6A2	TOP2A
	Nephritic syndrome	PTGDR2	PTGS2
	Hypoaesthesia	ABCB1	ABCG2	ADRA1B	ADRA1D	ADRA2C	CHRM1	CHRM2	CHRM3	CHRM4	CHRM5	CYP1A2	CYP2B6	CYP2C18	CYP2C19	CYP2C8	CYP2C9	CYP2D6	CYP3A4	CYP3A5	CYP3A7	HRH1	HTR1A	HTR1B	HTR1D	HTR1E	HTR2A	HTR2C	HTR6	HTR7	ORM1	SCN5A	SLC6A2	SLC6A4
	Malignant hypertension	KCNA1
	Generalised oedema	CYP3A4	CYP3A5
	Polycythaemia	AR	FKBP1A	IMPDH1	IMPDH2	SHBG	UGT1A7
	Pathological gambling	ADRA2A	ADRA2B	ADRA2C	DDC	DRD1	DRD2	DRD3	DRD4	DRD5	HTR1A	HTR1B	HTR1D	HTR2A	HTR2B	HTR2C	HTR7
	Hepatic enzyme increased	CYP1A2	CYP2C19	CYP2C9	CYP2D6	CYP3A4	DRD4	HTR1E	HTR3A	PPARG	PTGS1	UGT1A10	UGT1A9
	Retroperitoneal haemorrhage	F10
	Myopia	CA2	CA4
	Candiduria	SLC22A5	TOP2A
	Haematemesis	ABCG2	ADORA1	CYP2C19	CYP2C9	HDAC2	HTR1D	HTR1E	PDE3A	PTGS1	PTGS2
	Gamma-glutamyltransferase increased	CYP3A4	CYP3A5
	Dental caries	ADRA1B	ADRA2C	CHRM1	CHRM2	CHRM3	CHRM4	CHRM5	CYP2D6	DRD1	DRD2	DRD5	HRH1	HTR1E	HTR2A	HTR2C	HTR6	HTR7	ORM1	SLC6A2	SLC6A3	SLC6A4
	Diabetes mellitus	ABCB1	ABCG2	ADRA2C	CYP2C19	CYP2C9	CYP2D6	CYP3A4	CYP3A5	CYP3A7	DRD3	DRD4
	Neutropenic colitis	ABCG2	CYP3A5	TOP1	TOP1MT	TUBB1
	Erection increased	PDE5A	PDE6G	PDE6H
	Lymphadenitis	ADRA1A	ADRA1D	ADRA2C	ADRB3	CHRM1	CHRM2	CHRM3	CHRM4	CHRM5	CYP2D6	DRD2	HRH1	HTR1A	HTR2A	HTR2C	HTR6	HTR7	ORM1	SLC6A2	SLC6A3	SLC6A4
	Pyoderma	NR3C1
	Neck pain	CYP2D6
	Palmar-plantar erythrodysaesthesia syndrome	ABCC1	ABCC10	ABCC2	ABCG2	TOP2A
	Constipation	ABCB1	ACE	ADRA1B	ADRA2B	ADRA2C	CHRM1	CHRM2	CHRM3	CHRM4	CHRM5	CYP2C19	CYP2C8	CYP2C9	CYP2D6	CYP3A4	CYP3A5	CYP3A7	DRD1	DRD2	DRD3	DRD4	DRD5	HRH1	HRH4	HTR1A	HTR1B	HTR1D	HTR1E	HTR2A	HTR2B	HTR2C	HTR6	HTR7	OPRK1	OPRM1	ORM1	SLC6A2	SLC6A3	SLC6A4	UGT1A1	UGT1A4
	Dermatitis bullous	ABCB1	ABCC2	ABCG2	CYP2A6	CYP2B6	CYP2C8	CYP2C9	CYP2D6	CYP3A4	CYP3A5	CYP3A7	RXRB	TOP2A
	Carbohydrate tolerance decreased	ABCB1	ANXA1	NR3C1	SHBG	SLCO1A2
	Libido increased	ADRA1A	ADRA2A	ADRA2B	ADRA2C	CYP2D6	CYP3A4	DRD1	DRD2	DRD3	DRD4	DRD5	HTR1A	HTR1B	HTR1D	HTR2A	HTR2B	HTR2C	HTR7	SLC6A4
	Delusion	ABCB1	ADRA1A	ADRA1B	ADRA1D	ADRA2A	ADRA2B	ADRA2C	ADRB3	CHRM1	CHRM2	CHRM3	CHRM4	CHRM5	CYP1A2	CYP2B6	CYP2C19	CYP2D6	CYP2E1	CYP3A4	CYP3A5	DRD1	DRD2	DRD3	DRD4	DRD5	GABRA1	GABRA2	GABRA3	GABRA5	GABRB1	GABRB2	GABRD	GABRE	GABRG1	GABRG2	GABRG3	GABRP	GABRQ	GABRR1	GABRR2	GABRR3	GRIN3A	HRH1	HRH4	HTR1A	HTR1B	HTR1D	HTR1E	HTR2A	HTR2B	HTR2C	HTR3A	HTR6	HTR7	NEU2	ORM1	SLC6A1	SLC6A2	SLC6A3	SLC6A4	TSPO
	Breast enlargement	ABCB1	ADRA1A	ADRA1D	ADRA2A	ADRA2C	ADRB3	CHRM1	CHRM4	CHRM5	CYP1A2	CYP2B6	CYP2C19	CYP2C8	CYP2C9	CYP2D6	CYP3A4	CYP3A5	CYP3A7	DRD1	DRD2	DRD3	DRD5	HRH1	HTR1A	HTR1D	HTR2A	HTR2C	HTR6	HTR7	NTRK1	ORM1	PGR	SHBG	SLC22A1	SLC22A3	SLC6A2	SLC6A3	SLC6A4
	Bladder discomfort	CHRM1
	Haemoglobin	ABCG2	ALB	CYP2C9	CYP3A7	KIT	P2RY12	PTGS2	RRM1	UGT1A6	UGT1A9
	Gait disturbance	ABCB1	ADRA1A	ADRA2C	CBR1	CYP1A2	CYP2D6	CYP3A4	CYP3A5	CYP3A7	DRD1	DRD2	DRD3	DRD4	DRD5	GRIN2B	HTR1A	HTR1B	HTR1D	HTR1E	HTR2A	HTR2C	HTR6	HTR7	SLC6A4	TOP2A	UGT1A4
	Premenstrual syndrome	CYP3A4	ESR1	PGR
	Depression	ABCB1	CYP3A4
	Inappropriate antidiuretic hormone secretion	ABCB1	ABCC8	ADRA1A	ADRA1B	ADRA1D	ADRA2A	ADRA2C	CHRM1	CHRM2	CHRM3	CHRM4	CHRM5	CYP1A2	CYP2B6	CYP2C18	CYP2C19	CYP2C9	CYP2D6	CYP3A4	CYP3A5	DRD1	DRD2	DRD3	DRD4	GRIN2B	HDAC2	HRH1	HTR1A	HTR1D	HTR2A	HTR2C	HTR6	KCNJ1	ORM1	SLC6A2	SLC6A3	SLC6A4	TUBB	UGT2B15
	Memory impairment	CYP2C19	CYP2C8	CYP2C9	CYP3A4	GABRA1	GABRA2	GABRA3	GABRB1	GABRQ	HMGCR	TSPO	UGT1A3	UGT2B15	UGT2B7
	Oedema peripheral	CACNA2D1	CYP2C9	CYP2D6	CYP3A4	CYP3A5	CYP3A7	DRD1
	Muscular weakness	ABCB1	ABCC2	ABCG2	CYP1A2	CYP2B6	CYP2C19	CYP2C8	CYP2C9	CYP2D6	CYP3A4	CYP3A5	CYP3A7	FMO3	HTR1D	PPARA	SCN5A	SLCO1B1	TSPO	UGT1A1	UGT2B7
	Pericarditis	ABCG2	ABL1	CHUK	TOP2A
	Ureteral spasm	CYP2D6	OPRD1	OPRK1	OPRM1	UGT2B4
	Ear pain	ATP4A	CYP2C9	CYP3A4	CYP3A5	CYP3A7	HTR1B	HTR1D
	Steroid withdrawal syndrome	ANXA1	NR3C1	SLCO1A2
	Fanconi syndrome	AK2	AK4	NME1	NME2
	Proctocolitis	ATP4A
	Barrett's oesophagus	ATP4A
	Laryngospasm	ADRB1	ADRB2	CYP2D6	ND1	OPRD1	OPRM1
	Macular degeneration	TLR9
	Protein urine present	ACE	PTGS1	PTGS2	SLC15A1	SLC22A6
	Uterine rupture	PTGER2	PTGER3	PTGER4	SLCO2A1	SLCO3A1
	Amnesia	ABCB1	CYP2B6	CYP2C19	CYP2C8	CYP2C9	CYP2D6	CYP3A4	CYP3A5	CYP3A7	GABRA2	GABRA3	GABRB1	GABRD	GABRE	GABRG1	GABRG3	GABRP	GABRQ	GABRR1	GABRR2	GABRR3	HTR1E	SCN5A	TSPO	UGT1A3	UGT2B15	UGT2B7
	Drug dependence	ABCB1	CYP2D6	OPRD1	OPRK1	OPRM1	SLC6A2	SLC6A3	SLC6A4
	Infarction	ACE	FLT1	FLT3	FLT4	KDR
	Atrial tachycardia	ADORA1	HDAC2	PDE3A
	Panniculitis	ABCG5	ABCG8	ABL2	EPHA2	FYN	LCK	NPC1L1	SOAT1	SRC	STAT5B	YES1
	Orthostatic hypotension	ABCB1	ACE	ADRA1A	ADRA1B	ADRA1D	ADRA2A	ADRA2B	ADRA2C	CACNA1C	CACNA1D	CACNA2D1	CACNB2	CHRM1	CHRM3	CHRM4	CHRM5	CYP1A2	CYP2B6	CYP2D6	CYP3A4	CYP3A5	CYP3A7	DRD1	DRD2	DRD3	DRD4	DRD5	HRH1	HTR1A	HTR1B	HTR1D	HTR1E	HTR2A	HTR2B	HTR2C	HTR3A	HTR6	HTR7	KCNH2	ORM1	SLC12A3	SLC6A2	SLC6A4
	Illusion	GABRA2	GABRA3
	Pathogen resistance	TOP2A
	Atypical femur fracture	FDPS
	Nervousness	ABCB1	ADRA1A	ADRA1D	CHRM1	CYP1A2	CYP2C19	CYP2C8	CYP2C9	CYP2D6	CYP3A4	CYP3A5	GABRA1	GABRA2	GABRA3	GABRA5	GABRB1	GABRG2	GABRQ	HRH1	SLC6A3	SLC6A4	TSPO
	Chills	ABCB1	ABCG2	ALB	CYP3A4	CYP3A5	CYP3A7	HTR1D	TOP2A	UGT1A1
	Subarachnoid haemorrhage	HTR1B	HTR1D
	Parotid gland enlargement	ADRA1A	ADRA1B	ADRA1D	ADRA2A	ADRA2C	ADRB3	CHRM1	CHRM2	CHRM3	CHRM4	CHRM5	CYP1A2	CYP2C18	CYP2C19	CYP2D6	CYP2E1	DRD1	DRD2	DRD4	DRD5	HRH1	HRH4	HTR1A	HTR1B	HTR1D	HTR2A	HTR2C	HTR3A	HTR6	HTR7	KCND2	KCND3	ORM1	SIGMAR1	SLC6A2	SLC6A4
	Hypohidrosis	CHRM1	CHRM2	CHRM3
	Electrocardiogram repolarisation abnormality	AMN	CUBN	MMAA	MMAB	MMACHC	MTR	MTRR	MUT	TCN1	TCN2
	Gastric polyps	ATP4A
	Vomiting	ABCB1	ABCC1	ABCC2	ABCG2	ALB	CYP1A2	CYP2C19	CYP2C8	CYP2C9	CYP2D6	CYP3A4	CYP3A5	CYP3A7	SLC22A6
	Bleeding time prolonged	CYP2C9	PTGS1	PTGS2	SLC22A6	UGT1A3	UGT1A9	UGT2B7
	Discomfort	ABCB1	ABCC1	ABCG2	CYP2A6	CYP2C19	CYP2C8	CYP2C9	CYP2D6	CYP3A4	CYP3A5	CYP3A7	UGT1A1	UGT1A3	UGT2B7
	Facial paresis	HMGCR
	Dermatitis diaper	SLC15A1
	Iritis	FDPS	PTGFR
	Tenosynovitis	CHRM1	CHRM3	CYP2C19	CYP2C9	CYP2D6	CYP3A4	HTR1E	SLC6A4
	Retinal vein occlusion	PDE5A	PDE6G	PDE6H
	Haemorrhagic stroke	F10
	Cystitis noninfective	CYP2B6	CYP2C19	CYP2C8	CYP2C9	CYP2D6	CYP3A4	PTGS2
	Tumour lysis syndrome	ABCC1	ABCC10	ABCG2	ABL1	CSF1R	DCK	KIT	PDGFRA	PDGFRB	POLA1	RRM1
	Trigger finger	CYP19A1
	Deep vein thrombosis	ABCB1	ABCG2	CYP1B1	CYP3A4	CYP3A5	CYP3A7	DRD3	DRD4	FMO3	HTR1E
	Sinus congestion	CYP3A4	DRD4
	Spinal anaesthesia	SCN10A
	Oesophageal disorder	ATP4A	CYP2C18
	Acute interstitial pneumonitis	ALOX5	CHUK	IKBKB
	Ventricular fibrillation	ABCB1	ADRA2C	CHRM1	CHRM2	CHRM3	CHRM4	CHRM5	CYP1A2	CYP2C18	CYP2D6	DRD2	HTR1A	HTR1B	HTR1D	HTR1F	HTR2A	KCND2	KCND3	KCNH2	ORM1	SCN5A	SLC22A4
	Thrombosis	ABCB1	ABCG2	ABL1	CYP1A1	CYP1A2	CYP1B1	CYP3A4	CYP3A5	CYP3A7	ESR1	KIT	PDGFRB	SHBG
	Ovarian hyperstimulation syndrome	GNRHR
	Hypersexuality	ADRA2A	ADRA2B	ADRA2C	DDC	DRD1	DRD2	DRD3	DRD4	DRD5	HTR1A	HTR1B	HTR1D	HTR2A	HTR2B	HTR2C	HTR7
	Blood pressure increased	CYP1A2	SLC6A2	SLC6A3	SLC6A4
	Subacute endocarditis	IMPDH1	IMPDH2	UGT1A1	UGT1A6	UGT1A7	UGT1A9	UGT2B7
	Insulin resistance	ABCC1
	Episcleritis	FDPS
	Herpes zoster	ABCG2	CYP2C19	CYP2C9	CYP2D6	CYP3A4	IMPDH1
	Retroperitoneal fibrosis	ADRA2A	DRD4	DRD5	HTR1A	HTR1B	HTR1D	HTR2A	HTR2B	HTR2C	HTR7
	Tardive dyskinesia	ABCB1	ADRA1A	ADRA1B	ADRA2A	ADRA2B	ADRA2C	CALM1	CHRM1	CHRM2	CHRM3	CHRM4	CHRM5	CYP1A2	CYP2B6	CYP2C19	CYP2C9	CYP2D6	CYP2E1	CYP3A4	CYP3A5	DRD1	DRD2	DRD3	DRD4	DRD5	HRH1	HRH2	HRH4	HTR1A	HTR1B	HTR1D	HTR1E	HTR2A	HTR2C	HTR3A	HTR5A	HTR6	HTR7	ORM1	SLC6A2	SLC6A3	SLC6A4
	Dystonia	DRD2	HTR4
	Hallucination	ABCB1	ADRA2B	ADRA2C	ADRB3	CHRM1	CHRM2	CHRM3	CHRM4	CHRM5	CYP1A2	CYP2B6	CYP2C18	CYP2C19	CYP2C9	CYP2D6	CYP3A4	CYP3A5	CYP3A7	DRD2	DRD4	DRD5	GABRA1	GABRA2	GABRA3	GABRA4	GABRA5	GABRA6	GABRB1	GABRB2	GABRB3	GABRD	GABRE	GABRG1	GABRG2	GABRG3	GABRP	GABRQ	GABRR1	GABRR2	GABRR3	GRIN3B	HRH1	HTR1A	HTR1B	HTR1D	HTR2A	HTR2B	HTR2C	HTR6	HTR7	OPRD1	OPRK1	OPRM1	ORM1	PTGS1	SIGMAR1	SLC47A1	SLC6A2	SLC6A3	SLC6A4	TSPO	UGT1A6	UGT1A8	UGT1A9	UGT2B15	UGT2B4	UGT2B7
	Orbital oedema	ABL1	KIT	PDGFRB
	Iris hyperpigmentation	PTGFR
	Faecal incontinence	ADRA2C	CYP3A5	DRD1	DRD2	DRD3	DRD4	HTR1D	HTR2A
	Intraocular pressure increased	CHRM1	CHRM2	CHRM3	CHRM4	NR3C1	SERPINA6
	Glossitis	ATP4A	CYP2C8	CYP2C9	CYP3A4	CYP3A5	CYP3A7	PTGS1	PTGS2	SLC22A6	UGT1A9	UGT2B7
	Loss of libido	CYP2D6
	Photosensitivity reaction	ABCC8	ACE	CYP1A2	CYP2C19	CYP2C8	CYP2C9	CYP2D6	CYP3A4	CYP3A5	CYP3A7	DRD1	DRD2	HTR2A	PTGS1	PTGS2	SLC22A6	UGT1A3
	Hypersomnia	ADRA1A	ADRA1B	ADRA2A	ADRA2B	ADRA2C	CHRM1	CHRM3	CHRM4	CHRM5	CYP1A2	CYP2D6	CYP3A4	CYP3A7	DRD1	DRD2	DRD3	DRD4	DRD5	GABRQ	HRH1	HTR1A	HTR1B	HTR1D	HTR1E	HTR2A	HTR2C	HTR3A	HTR6	HTR7	SLC6A2	SLC6A3	SLC6A4
	Swelling	CYP2C8	CYP3A5	CYP3A7
	Nitrogen balance negative	ANXA1	NR3C1	SERPINA6	SLCO1A2
	Pseudocholinesterase deficiency	BCHE	GRIN3A	HTR3A	SCN10A	SLC6A3
	Catheter site cellulitis	POLE	POLE2	POLE3	POLE4	RRM2	RRM2B
	Nephrolithiasis	CYP2C19	CYP2C9
	Epstein-Barr virus infection	FKBP1A
	Mitral valve incompetence	DRD1	DRD2
	Fungal skin infection	ABCB1	ABCG2	TOP2A
	Choreoathetosis	ADRA1A	ADRA1B	ADRA2A	ADRA2B	ADRA2C	CHRM1	CHRM2	CHRM3	CHRM4	CHRM5	CYP2D6	DRD1	DRD2	DRD3	DRD4	DRD5	HRH1	HTR1A	HTR1B	HTR1D	HTR1E	HTR2A	HTR2C	HTR3A	HTR5A	HTR6	HTR7	SLC6A2	SLC6A3	SLC6A4
	Pulmonary hypertension	ABL1	IMPDH1	KIT
	Neutropenic sepsis	ABCC1	ABCC10	ABCC6	ABCG2	CDA	DPYD	TOP2B	TUBB1	TYMP
	Bladder dysfunction	NR3C1
	Somnolence	ABCB1	ADRA1A	ADRA1B	ADRA1D	ADRA2A	ADRA2B	ADRA2C	CALM1	CHRM1	CHRM2	CHRM3	CHRM4	CHRM5	CYP1A2	CYP2A6	CYP2B6	CYP2C18	CYP2C19	CYP2C9	CYP2D6	CYP2E1	CYP3A4	CYP3A5	CYP3A7	DRD1	DRD2	DRD3	DRD4	DRD5	GABRA1	GABRA2	GABRA3	GABRA4	GABRA5	GABRA6	GABRB1	GABRB3	GABRD	GABRE	GABRG1	GABRG2	GABRG3	GABRP	GABRQ	GABRR1	GABRR2	GABRR3	HRH1	HTR1A	HTR1B	HTR1D	HTR1E	HTR2A	HTR2B	HTR2C	HTR3A	HTR6	HTR7	OPRD1	OPRK1	OPRM1	ORM1	SLC6A2	SLC6A4	TSPO	UGT1A3	UGT1A9
	Erythropenia	ABCC8	KCNJ1	KCNJ11
	Renal graft loss	IMPDH1	IMPDH2	UGT1A6	UGT1A7
	Urethral stenosis	OPRD1	OPRK1	OPRM1
	Choking	THRA	THRB
	Liver injury	CYP1A2	CYP2C9	CYP3A4	CYP3A5	GRIA2	GRIK2	IMPDH2	UGT1A6	XDH
	Myoglobinuria	HMGCR	SLCO2B1
	Drug abuse	CYP2D6	OPRD1	OPRK1	OPRM1	SLC6A2
	Feeling jittery	CYP2D6	SLC6A2	SLC6A3	SLC6A4
	Paranoia	ADRA1A	ADRA2A	ADRA2B	ADRA2C	CHRM1	CHRM2	CHRM3	CHRM4	CHRM5	CNR1	CYP1A2	CYP2D6	CYP3A4	DRD1	DRD2	DRD3	DRD4	DRD5	GABBR1	GRIN2A	GRIN2B	HRH1	HTR1A	HTR1D	HTR1E	HTR2A	HTR2C	HTR3A	HTR6	HTR7	OPRK1	SLC6A2	SLC6A4
	Hepatitis	ABCB1	ABCC1	ABCC2	ABCC4	ABCG2	AHR	ALB	CYP1A1	CYP1A2	CYP2A6	CYP2B6	CYP2C19	CYP2C8	CYP2C9	CYP2D6	CYP3A4	CYP3A5	CYP3A7	HRH2	HRH4	HTR2C	HTR6	ORM1	PPARG	PTGS1	PTGS2	SLC22A6	SLC22A8	SLC6A4	TOP2A	UGT1A1	UGT1A3	UGT2B7
	Disseminated intravascular coagulation	CYP3A5	CYP3A7	PTGDR2	SLC22A7
	Neutropenia	ABCB1	ABCC1	ABCC10	ABCG2	ACE	CYP3A5	DCK	KIT	RRM1	SLC15A1	SLC15A2	SLC22A6	TOP2A	UGT1A9
	Alkalosis hypochloraemic	SLC12A1
	Thyroxine decreased	ATM	ITPR3	PDE6B	PIK3CA	PIK3CB	PIK3CD	PRKDC
	Apnoea	AOX1	CHRNA4	CHRNA7	GABRA1	GABRQ	GRIA2	GRIK2	IMPDH1	OPRD1	OPRK1	OPRM1	SCN10A	SCN2A	SCN5A
	Angina unstable	PDE5A	PDE6G	PDE6H
	Tongue oedema	ADRA2B	ADRA2C	CHRM4	CYP1A2	CYP2C19	CYP2C9	CYP2D6	CYP3A4	CYP3A7	DRD1	DRD2	DRD3	DRD4	DRD5	GABRA1	HTR1A	HTR1B	HTR1D	HTR1E	HTR2A	HTR2C	HTR3A	HTR6	HTR7	TSPO
	Sensory loss	ABCB1	ADRA1A	ADRA1B	ADRA1D	ADRA2C	CHRM1	CHRM2	CHRM3	CHRM4	CHRM5	CYP1A2	DRD2	HRH1	HRH4	HTR1A	HTR1B	HTR1D	HTR1F	HTR2A	HTR2C	HTR6	HTR7	KCND2	KCND3	ORM1	SCN5A	SLC6A2	SLC6A4	TUBB
	Polyneuropathy	TOP2A
	Fungaemia	IMPDH1	IMPDH2	UGT1A6	UGT1A7
	Blood cholesterol increased	ADRA1A	ADRA2C	CYP2C19	CYP2D6	CYP3A4	CYP3A5	CYP3A7	DRD1	DRD3	DRD4	HRH1	HTR1D	HTR2A	HTR2C	SHBG	SLC6A2	SLC6A3	SLC6A4
	Crystalluria	TOP2A
	Ileus	ABCB1	ABCC1	ABCC10	ABCG2	CES1	CYP2D6	CYP3A4	CYP3A5	CYP3A7	OPRD1	OPRM1	TUBB	UGT1A1	UGT1A9
	Back pain	ABCC10	ABCC2	ABCG2	CYP2C9	CYP3A4	CYP3A5	CYP3A7	SLCO1B1	TOP2A
	Renal tubular disorder	AK2	AK4	NME1	NME2
	Azotaemia	PTGS2
	Bursitis	ATP4A	CYP2C9	CYP2D6	CYP3A4	SLC6A4
	Cerumen impaction	SLC6A2	SLC6A4
	Neurotoxicity	ABCC10	ABCC2	ABCC3	ABCC6	ABCG2	ATP7A	ATP7B	CDA	DCK	GSTP1	GSTT1	MT1A	MT2A	NQO1	POLA1	RRM1	SCN10A	SLC28A3	SLC29A1	SLC31A1	SLC31A2	SOD1	TUBB	TYMS
	Cellulitis	ABCC10	ABCC6	ABCG2	CDA	DCK	IMPDH1	SLC29A1
	Rash papular	CYP3A5	CYP3A7	HTR1D
	Seasonal allergy	SLC6A3
	Corneal lesion	SLC6A4
	Hyperinsulinism	ADRA1B	ADRA2B	ADRA2C	DRD1	DRD3	DRD4	HTR1A	HTR1D	HTR2A	HTR2C
	Sudden death	ABCB1	ADRA1A	ADRA1B	ADRA1D	ADRA2A	ADRA2B	ADRA2C	CHRM1	CHRM2	CHRM3	CHRM4	CHRM5	CYP2D6	CYP2E1	DPYD	DRD1	DRD2	DRD3	DRD4	DRD5	GRIN2B	HRH1	HTR1A	HTR1D	HTR1E	HTR2A	HTR2C	HTR3A	HTR6	HTR7	KCNH2
	Alveolar osteitis	PTGS2
	Autonomic nervous system imbalance	DRD2
	Joint swelling	CYP2D6	CYP3A4	CYP3A5	CYP3A7
	Oesophagitis ulcerative	NR3C1	SERPINA6
	Extrasystoles	ADORA1	ADORA2A	CYP1A2	CYP2B6	CYP2C9	CYP2D6	IMPDH1	PDE3A	PDE4A	SLC6A2	SLC6A3	SLC6A4	UGT1A9
	Paraesthesia oral	SCN5A
	Hypopituitarism	ABCC8
	Drug eruption	ABL1	CYP2C19	CYP2C9	CYP3A4	CYP3A5
	Nasopharyngitis	ADRA2B	CYP2D6	CYP3A4	CYP3A7	DPP4	DRD1	DRD3	DRD4	OPRD1
	Breakthrough pain	OPRD1	OPRK1	OPRM1
	Eosinophilia	ALB	ALOX5	CHRM4	CHRM5	CYP1A2	CYP2C19	CYP2C9	CYP2D6	DRD1	DRD2	HRH4	HTR1A	HTR1E	HTR2A	HTR2C	HTR6	HTR7	SLC15A1	SLC15A2	SLC22A6
	Acute yellow liver atrophy	AHR	TOP2A
	Vasculitic rash	CYSLTR1
	Endometriosis	ESR1	ESR2
	Face oedema	ABCB1	CYP2D6	CYP3A4	CYP3A5	CYP3A7
	Movement disorder	ADRA1A	ADRA1B	ADRA2A	ADRA2B	ADRA2C	CHRM1	CYP2D6	CYP3A5	CYP3A7	DRD1	DRD2	DRD3	DRD4	DRD5	HRH1	HTR1A	HTR1B	HTR1D	HTR1E	HTR2A	HTR2C	HTR3A	HTR7	SCN2A	SLC6A4
	Pollakiuria	ABCB1	ADRA1A	ADRA1B	ADRA1D	ADRA2A	ADRA2C	ATP4A	CACNA1C	CACNA1D	CACNA1S	CACNA2D1	CACNB2	CHRM1	CHRM3	CHRM5	CYP1A2	CYP2B6	CYP2C19	CYP2C8	CYP2C9	CYP2D6	CYP3A4	CYP3A5	CYP3A7	DRD2	DRD3	DRD4	HRH1	HTR1A	HTR1B	HTR1D	HTR2A	HTR2C	HTR6	HTR7	ORM1	SLC6A2	SLC6A4	UGT2B7
	Breast engorgement	DRD1	DRD2	DRD3	HTR2A
	Vulvovaginal dryness	CYP19A1
	Uterine haemorrhage	ESR1
	Diabetic ketoacidosis	ADRA1A	ADRA1B	ADRA2A	ADRA2B	ADRA2C	CHRM2	CHRM3	CHRM4	CHRM5	CYP2D6	CYP3A5	DRD1	DRD2	DRD3	DRD4	DRD5	HRH1	HTR1A	HTR1B	HTR1D	HTR1E	HTR2A	HTR2C	HTR3A	HTR6	HTR7
	Monoplegia	NR3C1	SLCO1A2
	Haemodynamic instability	ADORA1	HDAC2	PDE3A
	Alkalosis hypokalaemic	ANXA1	NR3C1	SERPINA6
	Eczema	CYP2C9	CYP3A4	HTR1E	KIT	PDGFRB
	Extradural abscess	SCN10A
	Ectopic pregnancy	ESR1
	Depressive symptom	CYP1A2	CYP2C8	CYP2D6	CYP3A4	HTR2A	HTR7	SLC6A2	SLC6A3	SLC6A4
	Henoch-Schonlein purpura	SLC22A6
	Skin atrophy	ANXA1	NR0B1	NR3C1	SERPINA6
	Bladder pain	CYP2B6	CYP2C19	CYP2C8	CYP2C9	CYP2D6	CYP3A4	CYP3A5	PTGS2	UGT2B7
	Pallor	ADRA1A	ADRA1B	ADRA2A	ADRA2B	ADRA2C	DRD1	DRD4	HTR1D	IMPDH1
	Anosmia	TOP2A
	Anaphylactoid reaction	ABCB1	CHRNA2	TOP2A
	Hepatitis B	IMPDH1	IMPDH2	NME1	NME2	UGT1A7
	Syncope	ABCB1	ACE	ADRA1A	ADRA1B	ADRA1D	ADRA2B	ADRA2C	CACNA2D1	CYP1A2	CYP2B6	CYP2C19	CYP2C9	CYP2D6	CYP3A4	CYP3A5	CYP3A7	DRD1	DRD2	DRD3	DRD4	DRD5	GABRB1	GABRB2	HTR1A	HTR1B	HTR1D	HTR2A	HTR2C	HTR3A	HTR6	HTR7	OPRK1	ORM1	SCN5A	SLC6A4	UGT1A1	UGT1A9	UGT2B7
	Abdominal pain upper	CYP2D6	CYP3A4
	Migraine	ABCB1	ABCG2	ATP4A	CYP2C9	CYP2D6	CYP3A4	CYP3A5	CYP3A7	ESR1	PGR
	Drug withdrawal convulsions	UGT1A4
	Pelvic pain	ABCB1	ABCG2	CYP2B6	CYP2C19	CYP2C9	CYP3A4	CYP3A5	CYP3A7	ESR1	SLC6A4
	Cardioactive drug level increased	GJA1	HIF1A	NDUFC2	NPPB	SELE	VCAM1
	Papilloedema	NR3C1
	Hyperadrenocorticism	NR3C1	SERPINA6
	Mucosal inflammation	ABCB1	ABCC1	ABCC10	ABCC2	ABCG2	ATIC	CSF1R	CYP1B1	CYP3A5	DCK	FLT1	FLT3	FLT4	GSTP1	KDR	KIT	PDGFRA	PDGFRB	POLA1	RRM1	TOP1	TOP1MT	TOP2A	TUBB1
	Hypersensitivity	ABCC1	ABCC2	ABCG2	CYP2C9	CYP3A4	CYP3A5	CYP3A7
	Hirsutism	ABCB1	AR	CYP19A1	CYP3A4	ESR1	NR3C1	PGR	SHBG
	Myoclonus	ADRA1A	ADRA1B	ADRA2A	ADRA2B	ADRA2C	CHRM1	CHRM2	CHRM3	CHRM4	CHRM5	CYP2B6	CYP2D6	CYP3A4	CYP3A7	DRD1	DRD2	DRD3	DRD4	DRD5	HRH1	HTR1A	HTR1D	HTR1E	HTR2A	HTR2C	HTR3A	HTR6	HTR7	OPRK1	OPRM1	ORM1	SCN5A	SLC6A2	SLC6A3	SLC6A4	UGT1A4	UGT2B15
	Ovarian cyst	CYP2D6	CYP3A4	ESR1	MTOR	PGR	SLC6A2
	Vasodilation procedure	ABCG2	CACNA2D1	CYP2C8	CYP2C9	CYP3A5	CYP3A7
	Drug withdrawal syndrome	ABCB1	ADRA1A	ADRA1B	ADRA1D	ADRA2A	ADRA2B	ADRA2C	ADRB3	ANXA1	CHRM1	CHRM2	CHRM3	CHRM4	CHRM5	CYP2B6	CYP2C18	CYP2D6	CYP2E1	CYP3A4	CYP3A5	CYP3A7	DRD2	DRD3	DRD5	GABRA1	GABRA2	GABRA3	GABRA5	GABRB1	GABRB2	GABRB3	GABRD	GABRE	GABRG1	GABRG2	GABRG3	GABRP	GABRQ	GABRR1	GABRR2	GABRR3	HRH1	HTR1A	HTR1D	HTR2A	HTR2C	HTR6	HTR7	KCND2	KCND3	OPRD1	OPRK1	OPRM1	ORM1	SCN2A	SLC6A2	SLC6A3	SLC6A4
	Oropharyngeal spasm	ADRA1A	ADRA1B	ADRA2A	ADRA2B	ADRA2C	DRD1	DRD2	DRD3	DRD4	HRH1	HTR1A	HTR1D	HTR2A	HTR2C
	Body temperature decreased	ADRA1B	ADRA2A	ADRA2B	ADRA2C	CBR1	CHRM2	CHRM3	CHRM4	CHRM5	CYP1A2	CYP2B6	CYP2C19	CYP2D6	CYP3A4	CYP3A5	CYP3A7	DRD1	DRD2	DRD3	DRD4	DRD5	GABRA1	GABRQ	GRIN2B	GRIN3A	HTR1A	HTR1B	HTR1D	HTR1E	HTR2A	HTR2C	HTR3A	HTR6	HTR7	OPRD1
	Pneumonia fungal	DCK	POLA1
	Joint stiffness	DRD3	DRD4	HTR1D	HTR2C
	Myotonia	HTR1A
	Scleral haemorrhage	ABL1	KIT	PDGFRB
	Musculoskeletal discomfort	ABCB1	ABCC10	ABCC2	ABCC4	ABCG2	ACE	AOX1	CYP1A2	CYP1B1	CYP2C19	CYP2C8	CYP2C9	CYP2D6	CYP3A4	CYP3A5	CYP3A7	DCK	SLC29A1	SLCO1B1	XDH
	Muscle mass	ANXA1	NR3C1	SERPINA6	SLCO1A2
	Haematospermia	PDE5A	PDE6G	PDE6H
	Osteoarthritis	ABCB1	ABCG2	ATP4A	CYP1A2	CYP2A6	CYP2B6	CYP2C18	CYP2C19	CYP2C8	CYP2C9	CYP2D6	CYP3A4	CYP3A5	CYP3A7	HTR1B	HTR1D	HTR1E	HTR2C	HTR7	TSPO	UGT1A4
	Brain oedema	CALM1
	Aphasia	HTR1D
	Heat stroke	CHRM1
	Chromatopsia	PDE6G	PDE6H
	Cataract subcapsular	ANXA1	NR3C1	SERPINA6
	Respiratory acidosis	IMPDH1	IMPDH2	UGT1A1	UGT1A6	UGT1A7	UGT1A8	UGT1A9
	Pulmonary oedema	ABCB1
	Graft loss	FKBP1A	MTOR
	Trismus	ADRA1A	CHRM1	CYP2D6	DRD1	DRD2	DRD3	HRH1	HTR2A	SLC6A4
	Eye haemorrhage	CHRM1	CYP2C9	CYP2D6	CYP3A4	CYP3A5	F10	HTR1B	HTR1D	HTR1E	PDE6G	PDE6H	UGT1A7
	Breast cancer male	SRD5A1	SRD5A2
	Nervous system disorder	ABCB1	ABCG2	CYP2D6	CYP3A4	CYP3A5	CYP3A7
	Necrosis	ABCB1	ABCC1	ABCC10	ABCC2	ABCC3	ABCC6	ABCG2	CYP1B1	CYP2B6	CYP3A5	CYP4A11	GSTM1	GSTP1	GSTT1	NQO1	TOP2A	TOP2B
	Haemorrhoids	CYP3A4
	Madarosis	PTGFR
	Uterine cancer	ESR2
	Opisthotonus	ADRA1A	ADRA1B	ADRA2A	ADRA2B	ADRA2C	CALM1	CYP1A2	CYP2D6	DRD1	DRD2	DRD3	DRD4	HRH1	HTR1A	HTR1D	HTR2A	HTR2C	HTR3A	HTR4	UGT1A6	UGT1A8
	Atrophy	ANXA1	NR3C1
	Parkinsonism	ABCB1	ADRA1A	ADRA1B	ADRA2A	ADRA2B	ADRA2C	CALM1	CHRM1	CHRM3	CHRM4	CHRM5	CYP1A2	CYP2D6	DRD1	DRD2	DRD3	DRD4	DRD5	HRH1	HTR1A	HTR1B	HTR1D	HTR1E	HTR2A	HTR2C	HTR3A	HTR6	HTR7	SLC6A4	UGT1A4
	Immunodeficiency	FMO1	IMPDH1	IMPDH2	SLC22A8	UGT1A7
	Blindness	ABCC10	ABCG2	NQO1
	Cyst	ABCC10	ABCG2	ABL1	CYP11A1	CYP1B1	CYP3A4	ESR1	POLA1	SLCO1B3
	White blood cell disorder	ATP4A
	Oedema genital	ABCC10	SLCO1C1
	Pulmonary function test decreased	ALB	ATP2C1	ATP5D	CYP2B6	CYP2C18	CYP2E1	GABRA1	GABRB1	GABRB2	GABRB3	GABRQ	GLRA1	GRIA1	GRIN3A	KCNA1	ND1	OPRD1	OPRK1	OPRM1	PTGS1	UGT1A9	UGT2B4	UGT2B7
	Clostridium difficile colitis	TOP2A
	Pancreatitis	ABCB1	ABCC2	ABCC4	ABCG2	ACE	ALB	ATP4A	CA2	CYP1A2	CYP2B6	CYP2C19	CYP2C8	CYP2C9	CYP3A4	CYP3A5	CYP3A7	DPP4	FMO3	KIT	PDGFRB	PTGS1	PTGS2	SLC12A1	SLC12A3	SLC22A11	SLC22A6	SLC22A8	SLCO1A2	SLCO1B1	TPMT	UGT1A1	UGT1A3	UGT1A9	UGT2B7
	Glucose tolerance impaired	ABCB1	NR3C1	SLCO1A2
	Exostosis	SLC6A2	SLC6A4
	Angina pectoris	ACE
	Hunger	ABCC8
	Unresponsive to stimuli	ADRA1B	ADRA2B	ADRA2C	DRD1	DRD3	DRD4	HTR1A	HTR1D	HTR2A	HTR2C
	Lymphadenopathy	CYP2C9	CYP3A4	CYP3A5	CYP3A7
	Bone pain	ABCB1	ABCB11	ABCC1	ABCC10	ABCG2	CDA	CYP3A4	CYP3A5	CYP3A7	DCK	FDPS	NR1I2
	Oropharyngeal pain	ADRB1	ADRB2	CYP2D6
	Diastolic dysfunction	ABL1	KIT
	Sensation of pressure	HTR1B	HTR1D	HTR1F	MAOA
	Epiphysiolysis	SLC7A5	SLCO1C1	SLCO4A1	SLCO4C1	THRA	THRB
	Anterograde amnesia	CYP2E1	CYP3A4	CYP3A7	GABRA1	GABRA2	GABRA3	GABRA4	GABRA5	GABRA6	GABRB1	GABRB2	GABRB3	GABRD	GABRE	GABRG1	GABRG2	GABRG3	GABRP	GABRQ	GABRR1	GABRR2	GABRR3	TSPO
	Rhabdomyolysis	ABCB1	ABCC2	ABCG2	AGTR1	CYP1A2	CYP2C19	CYP2C8	CYP2C9	CYP2D6	CYP3A4	CYP3A5	DRD4	HMGCR	HTR1E	KIT	PDGFRB	SCN2A	SLCO1B1	UGT1A1	UGT1A3
	Pleurisy	DRD4	DRD5	HTR1A	HTR1B	HTR1D	HTR2B
	Disinhibition	GABRA1	GABRA2	GABRA3	GABRB2	GABRB3	GABRQ	TSPO
	Personality change	NR3C1
	Acute leukaemia	ABCC1	ABCC2	ABCC6	ABCG2	GSTA1	GSTM1	GSTP1	GSTT1	NQO1	TOP1	TOP1MT	XDH
	Tongue discolouration	ADRA1A	ADRA1B	ADRA1D	ADRA2C	ADRB3	CHRM1	CHRM2	CHRM3	CHRM4	CHRM5	CYP2D6	DRD2	DRD5	HRH1	HTR1A	HTR2A	HTR2C	HTR3A	HTR6	HTR7	ORM1	SLC6A2	SLC6A3	SLC6A4
	Contusion	ABCG2	CYP2C8	CYP2C9	P2RY12
	Squamous cell carcinoma	FKBP1A	MTOR
	Atrioventricular block	ABCB1	ADRA1A	ADRA1B	ADRA1D	ADRA2A	ADRA2B	ADRA2C	ADRB1	ADRB2	ADRB3	CHRM1	CHRM2	CHRM3	CHRM4	CHRM5	CYP1A2	CYP2C19	CYP2D6	CYP3A5	DRD1	DRD2	DRD3	DRD4	HRH1	HRH2	HTR1A	HTR1B	HTR1D	HTR1E	HTR2A	HTR2C	HTR3A	HTR6	HTR7	KCND2	KCND3	KCNH2	ORM1	SCN10A	SCN5A	SLC22A4	SLC6A4
	Dermatomyositis	HMGCR	SLCO1B1
	Renal failure acute	ABCB1	ABCC1	ABCC2	ABCG2	ACE	SLCO1B1	SLCO1B3	TOP2A
	Orgasm abnormal	CYP2D6	SLC6A2	SLC6A3	SLC6A4	SRD5A1	SRD5A2
	Scleral thinning	ANXA1	NR3C1	SLCO1A2
	Pruritus	ABCB1	ALB	CYP2C9	CYP3A4	CYP3A5	SLC15A2
	Enterocolitis infectious	ABL2	EPHA2	FYN	LCK	SRC	STAT5B	YES1
	Red blood cell sedimentation rate increased	ACE
	Eyelid pain	PTGFR
	Transfusion reaction	DNMT1
	Adenocarcinoma	ADRA2B	ADRA2C	CYP2D6	DRD1	DRD3	DRD4	HTR1A	HTR1D	HTR2A	HTR2C
	Melaena	ABCG2	ATP4A	CYP2C19	CYP2C9	CYP2D6	PTGS1	PTGS2
	Neoplasm malignant	ABCG2	CYP1B1	CYP3A4	CYP3A5	CYP3A7	FKBP1A	KIT	PDGFRB
	Dysphemia	ADRA1A	ADRA1B	ADRA2A	ADRA2B	ADRA2C	CHRM1	CHRM2	CHRM3	CHRM4	CHRM5	CYP2C19	DRD1	DRD2	DRD3	DRD4	DRD5	FMO3	HRH1	HRH4	HTR1A	HTR1B	HTR1D	HTR1E	HTR2A	HTR2C	HTR3A	HTR6	HTR7	SCN1A
	Grand mal convulsion	ADA	ADRA1A	CYP2D6	CYP3A5	CYP3A7	DRD1	DRD2	DRD3	DRD4	HTR1A	HTR2A	HTR2C	HTR3A	SLC6A4
	Intestinal ulcer	ABCC4	CES1	IMPDH2	PLA2G2A	PTGS1	PTGS2	SLC22A6	SLC22A8	UGT1A10	UGT1A9	UGT2B7
	Alkalosis	ALB	IMPDH1	IMPDH2	UGT1A6	UGT1A7	UGT1A9	UGT2B7
	Intracranial pressure increased	CYP3A7	NR3C1	OPRD1	OPRM1
	Death neonatal	CYP11A1
	Oral pain	FLT1	FLT3	FLT4	KDR
	Opportunistic infection	ABCC1	ABCC2	ABCG2	CYP3A4	DCK	POLA1	SLCO1A2
	Exfoliative rash	ABL1	KIT	PDGFRB
	Tongue paralysis	ADRA1A	ADRA1B	ADRA2A	ADRA2B	ADRA2C	DRD1	DRD2	DRD3	DRD4	HRH1	HTR1A	HTR1D	HTR2A	HTR2C
	Myasthenia gravis	TOP2A
	Amylase increased	KIT	PDGFRB
	Meningism	SCN10A
	Homicidal ideation	SLC6A4
	Pain in jaw	HTR1B	HTR1D	HTR1F	TUBB
	Cystitis	CYP2B6	CYP2C19	CYP2C8	CYP2C9	CYP2D6	CYP3A4	PTGS2
	Carbon dioxide increased	ATP2C1	ATP5D	GLRA1	GRIA1	KCNA1	ND1	PTGER1
	Hypokinesia	ABCB1	ADRA1A	ADRA1B	ADRA2A	ADRA2B	ADRA2C	CYP2A6	CYP2B6	CYP2C19	CYP2C9	CYP2D6	CYP3A4	CYP3A5	CYP3A7	DRD1	DRD2	DRD3	DRD4	DRD5	GABRA1	HRH1	HTR1A	HTR1B	HTR1D	HTR1E	HTR2A	HTR2B	HTR2C	HTR3A	HTR6	HTR7	SCN4B	SCN5A	TSPO	UGT1A4	UGT1A9
	Cauda equina syndrome	SCN10A
	Oliguria	ALB	PTGS1	PTGS2	UGT1A1	UGT1A6	UGT1A9	UGT2B7
	Nausea	ABCB1
	Mental disability	ABCB1	CYP2A6	CYP2B6	CYP2C19	CYP2C9	CYP2D6	CYP2E1	CYP3A4	CYP3A5	CYP3A7	GABRA1	GABRA2	GABRA3	GABRA5	GABRB1	GABRB2	GABRB3	GABRD	GABRE	GABRG1	GABRG2	GABRG3	GABRP	GABRQ	GABRR1	GABRR2	GABRR3	HTR1B	HTR1D	HTR2B	HTR2C	IMPDH1	OPRK1	SLC6A4	TSPO	UGT1A6	UGT1A8
	Apathy	CYP2C19	CYP2D6	CYP3A4	GABRQ	HTR1D	HTR1E	IMPDH1	SLC6A3	SLC6A4
	Hypertrichosis	ANXA1	NR3C1	PGR	SERPINA6
	Neuromyopathy	TLR9
	Diplopia	ABCB1	ATP4A	CACNA1B	CYP1A2	CYP2B6	CYP2C18	CYP2C19	CYP2C8	CYP2C9	CYP2D6	CYP3A4	CYP3A5	CYP3A7	GABRA1	GABRA2	GABRA3	GABRA4	GABRA5	GABRA6	GABRB1	GABRB2	GABRB3	GABRD	GABRE	GABRG1	GABRG2	GABRG3	GABRP	GABRQ	GABRR1	GABRR2	GABRR3	SCN2A	SCN4A	SCN5A	SCN9A	SLC6A4	TOP2A	TSPO	UGT1A3	UGT1A8	UGT1A9	UGT2B4	UGT2B7
	Genital discharge	ESR1	PGR
	Rhinitis seasonal	SLC6A3
	Major depression	CYP2D6	HTR2A	SLC6A2	SLC6A3	SLC6A4
	Breast pain	ABCB1	CYP2D6	CYP3A4	DRD3	ESR1	HTR7	PGR
	Conjunctival haemorrhage	ABL1	KIT
	Tenderness	ABCB1	ALB	CYP1A1	CYP1A2	CYP1B1	CYP2A13	CYP2A6	CYP2C8	CYP3A5	CYP3A7	EGFR	ESR1	ESR2	SRD5A1
	Menstrual disorder	ABCB1	CYP2C19	CYP2D6	CYP3A4	DRD3	HTR1D	SLC6A4
	Uterine spasm	SLC6A2	SLC6A4
	Glycosuria	ADRA2C	CA1	CA2	CA4	CYP1A2	DRD1	DRD2	DRD3	DRD4	HTR1D	HTR2A	NR3C1	SLC12A1	SLC12A3	SLC22A6
	Autoimmune haemolytic anaemia	POLA1	RRM1	SLC28A3
	Meningitis	PTGS2	SCN10A	UGT2B7
	Electrocardiogram QT prolonged	ABCB1	ADRA1A	ADRA1B	ADRA2A	ADRA2B	ADRA2C	CHRM1	CHRM2	CHRM3	CHRM4	CHRM5	CYP1A2	CYP2C19	CYP2D6	CYP3A4	CYP3A5	CYP3A7	DRD1	DRD2	DRD3	DRD4	DRD5	HRH1	HTR1A	HTR1B	HTR1D	HTR1E	HTR2A	HTR2C	HTR3A	HTR6	HTR7	KIT	SLC6A4
	Dysphagia	ABCB1	ABCG2	ATP4A	CHRM1	CHRM3	CYP1A2	CYP1B1	CYP2C19	CYP2D6	CYP3A4	CYP3A5	CYP3A7	DRD1	DRD2	DRD3	DRD4	HTR1B	HTR1D	HTR1E	HTR2A	PDGFRB	SCN5A	TOP2A	UGT1A4
	Flank pain	CYP3A5
	Tinnitus	ABCB1	ADRA2C	CYP1A2	CYP2B6	CYP2C18	CYP2C19	CYP2C8	CYP2C9	CYP2D6	CYP3A4	CYP3A5	CYP3A7	HRH1	HTR1A	HTR1B	HTR1D	HTR2A	HTR2C	HTR6	ORM1	PTGS1	PTGS2	SCN5A	SLC6A4
	Parkinson's disease	ADRA1A	ADRA1B	ADRA2A	ADRA2B	ADRA2C	CHRM4	CHRM5	DRD1	DRD2	DRD3	DRD4	DRD5	HTR1A	HTR1B	HTR1D	HTR1E	HTR2A	HTR2B	HTR2C	HTR7
	Asthma	CYP2C8	CYP2C9	PTGS1	PTGS2
	Hepatosplenic T-cell lymphoma	HPRT1	TPMT
	Leukocytosis	DRD1
	Abnormal faeces	ATP4A	CYP2C9
	Alopecia	ABCB1	ABCC1	ABCC10	ABCC2	ABCC3	ABCC4	ABCC6	ABCG2	CYP1A1	CYP2C19	CYP2C8	CYP2C9	CYP2D6	CYP3A4	CYP3A5	CYP3A7	DCK	HTR1A	HTR2A	HTR2C	ORM1	PGR	SLC29A1	SLC6A4	UGT1A1
	Anal abscess	KIT
	Drug interaction	ABCB1	ABCC2	ABCG2	CYP2C19	CYP2C8	CYP2C9	CYP2D6	CYP3A4	CYP3A5	CYP3A7	OPRD1	OPRM1	UGT1A3	UGT2B15
	Ulcer	ABCB1	ABCC1	ABCC10	ABCC6	ABCG2	ALB	CYP2C9	PTGS2	SLC29A1	TOP2A	TOP2B
	Retinal vascular thrombosis	ALB	ESR1	ESR2	SHBG	SLCO2B1	SLCO4A1
	Dysuria	CYP3A4
	Dementia	ABCG2	ADRA2A	ADRA2B	ADRA2C	CYP1A2	CYP2C9	CYP2D6	CYP3A4	CYP4A11	DRD3	DRD4	ESR1	ESR2	FMO3	HTR1D	HTR1E	HTR2A	HTR2B	HTR2C	SLCO1A2
	Posture abnormal	ADRA2B	ADRA2C	DRD1	DRD3	DRD4	HTR1D	HTR2C
	Renal tubular necrosis	FKBP1A	IMPDH1	IMPDH2	MTOR	UGT1A1	UGT1A6	UGT1A7	UGT1A9
	Eye injury	SLC6A2	SLC6A4
	Pneumonia aspiration	ADRA1A	ADRA1B	ADRA2A	ADRA2B	ADRA2C	DRD1	DRD2	DRD3	DRD4	HRH1	HTR1A	HTR1D	HTR1E	HTR2A	HTR2C	HTR3A	HTR6	SCN1A	SCN5A
	Somnambulism	ADRA2A	ADRA2B	ADRA2C	CYP3A7	DRD1	DRD3	DRD4	DRD5	GABRA1	GABRA2	GABRA3	HTR1A	HTR1B	HTR1D	HTR1E	HTR2A	HTR2C	HTR3A	HTR6	HTR7	TSPO
	Yawning	CYP2B6	CYP2D6	HTR1B	HTR1D	HTR2B	OPRD1	OPRK1	OPRM1	SLC6A2	SLC6A4
	Joint injury	SLC6A2	SLC6A3
	VIIth nerve paralysis	HMGCR
	Strangury	CHRM3
	Cholestasis	CFTR	SLC15A1	SLC15A2	SLC22A6
	Waist circumference increased	ADRA2B	ADRA2C	DRD1	DRD3	DRD4	HTR1D	HTR2C
	Acute hepatic failure	ABCB1
	Nasal septum perforation	NR3C1	SERPINA6
	Influenza	ABCG2	CYP2C8	CYP2C9	CYP3A4	SLCO1B1	UGT1A1	UGT1A3	UGT2B7
	Conjunctivitis	ABCG2	CYP2C8	CYP2C9	CYP3A4	CYP3A5	CYP3A7
	Fracture	ATP4A	CYP2C19	CYP3A4
	Cardiac disorder	ABCB1	ABCC10	ABCG2	CYP2D6	CYP3A4	CYP3A5	CYP3A7	DRD3
	Haematoma	ABCG2	ABL1	KIT	PDGFRB
	Myopathy	ABCB1	ABCC2	ABCG2	CYP2B6	CYP2C19	CYP2C8	CYP2C9	CYP2D6	CYP3A4	CYP3A5	CYP3A7	HMGCR	HTR1E	NME1	NME2	SLCO1A2	SLCO1B1
	Tachycardia	ABCB1	ADORA1	ADORA2A	ADRA1A	ADRA1B	ADRA1D	ADRA2A	ADRA2B	ADRA2C	CACNA1C	CACNA2D1	CHRM1	CHRM2	CHRM3	CHRM4	CHRM5	CYP1A2	CYP2C19	CYP2C9	CYP2D6	CYP2E1	CYP3A4	CYP3A5	CYP3A7	DRD1	DRD2	DRD3	DRD4	DRD5	HRH1	HRH4	HTR1A	HTR1B	HTR1D	HTR1E	HTR2A	HTR2B	HTR2C	HTR3A	HTR6	HTR7	OPRK1	OPRM1	SLC22A1	SLC6A2	SLC6A3	SLC6A4
	Diabetes insipidus	SCN5A
	Prostatic disorder	CYP2D6
	Hypertrophic cardiomyopathy	ABCB1	ANXA1	CYP3A4	NR3C1	SERPINA6	SLCO1A2
	Miosis	ADRA1A	ADRA1B	ADRA1D	CYP2D6	KCNH2	OPRD1	OPRK1	OPRM1
	Transient global amnesia	PDE5A	PDE6G	PDE6H
	Eyelash discolouration	PTGFR
	Muscle swelling	HMGCR	SLCO1B3	SLCO2B1
	Orchitis noninfective	SLC6A4
	Device malfunction	ABCC5
	Breast tenderness	AR	CYP19A1	CYP1B1	CYP3A4	ESR1	PGR	SHBG	SRD5A1
	Blindness cortical	ABCB1	ABCC10	ABCC2	ABCC3	ABCC6	ABCG2	ATP7A	ATP7B	GSTM1	GSTP1	GSTT1	MPO	MT1A	MT2A	NQO1	SLC31A1	SLC31A2	SOD1	XDH
	Abnormal dreams	ABCB1	CYP1A2	CYP2C19	CYP2C9	CYP2D6	CYP3A4	CYP3A7	SLC6A4
	Diverticulitis	CYP2D6
	Tremor	ABCB1	ADRA1A	ADRA1B	ADRA2C	CHRM1	CHRM4	CHRM5	CYP1A2	CYP2B6	CYP2C18	CYP2C19	CYP2C8	CYP2C9	CYP2D6	CYP3A4	CYP3A5	CYP3A7	DRD2	DRD3	DRD4	HRH1	HRH4	HTR1A	HTR1B	HTR1D	HTR1E	HTR2A	HTR2C	HTR3A	HTR6	HTR7	MAOA	MAOB	OPRK1	OPRM1	SCN5A	SLC6A2	SLC6A3	SLC6A4	TSPO	UGT1A10	UGT1A3	UGT1A6	UGT1A9	UGT2B7
	Renal failure	ABCB1	ABCC1	ABCC10	ABCC2	ABCC4	ABCG2	ACE	AGTR1	ALB	CYP1B1	CYP2C8	CYP2C9	CYP3A5	CYP3A7	CYP4A11	DCK	DNMT1	KIT	PDGFRB	PTGS1	PTGS2	SLC15A1	SLC15A2	SLC22A11	SLC22A6	SLC22A8	TOP2A	UGT1A1	UGT1A3	UGT1A9
	Local reaction	TOP2A
	Loss of consciousness	ABCB1	ACE	ADRA1B	ADRA1D	ADRA2C	CACNA2D1	CYP1A2	CYP2B6	CYP2C19	CYP2C8	CYP2C9	CYP2D6	CYP3A4	CYP3A5	CYP3A7	DRD3	DRD4	DRD5	HTR1A	HTR1B	HTR1D	HTR2A	HTR2C	HTR3A	HTR6	HTR7	OPRK1	OPRM1	ORM1	SCN5A	SLC6A4	UGT1A1	UGT1A9	UGT2B7
	Cheyne-Stokes respiration	OPRD1	OPRK1	OPRM1
	Hyperkinesia	ABCB1	ADRA2C	CHRM1	CHRM2	CHRM3	CHRM4	CHRM5	CYP1A2	CYP2A6	CYP2B6	CYP2C18	CYP2C19	CYP2C8	CYP2D6	CYP3A4	CYP3A5	CYP3A7	DRD1	DRD2	DRD3	DRD4	GABRA1	GRIA2	GRIK2	HRH1	HTR1A	HTR1B	HTR1D	HTR1E	HTR2A	HTR2C	HTR7	OPRK1	SLC6A2	SLC6A4
	Anxiety	ABCB1	CYP1A2	CYP1B1	CYP2A6	CYP2C19	CYP2C8	CYP2C9	CYP2D6	CYP3A4	CYP3A5	CYP3A7	HTR1A	HTR1B	HTR1D	HTR2A	HTR2C	HTR3A	SLC6A2	SLC6A3	SLC6A4	UGT1A1
	Anaphylactic shock	ABCB1	ABCC1	ABCC2	ABCC3	ABCG2	ALB	CYP1A2	CYP2C8	CYP2C9	CYP3A5	PTGS1	PTGS2	SLC15A1	SLC15A2	SLC22A11	SLC22A6	SLC22A7	SLC22A8	SLCO1B1	TOP2A	UGT1A1
	Gastritis erosive	ABCB8	AKR1A1	CBR3	NDUFS2	NDUFS3	NDUFS7	NOS1
	Blood gastrin increased	ATP4A
	Genital pain	SLC6A2	SLC6A3	SLC6A4
	Cellulitis gangrenous	ABCC4	ALB	PTGDR2	PTGS1	PTGS2	SLC22A6
	Tendonitis	TOP2A
	Prostatitis	SLC6A2	SLC6A4
	Dysphoria	CYP2D6	OPRD1	OPRK1	OPRM1	SLC6A2	SLC6A3	SLC6A4
	Vaginal discharge	CYP3A4	ESR1	PGR	TOP2A
	Nocturia	ABCB1	CACNA1D	CACNA2D1	CACNB2	CYP2C19	CYP2C9	CYP2D6	CYP3A4	CYP3A5	CYP3A7	SLC6A4
	Inflammatory bowel disease	HPRT1	TPMT
	Milia	ABL2	EPHA2	FYN	LCK	SRC	STAT5B	YES1
	Medication overuse headache	HTR1A	HTR1B	HTR1D	HTR1F	MAOA
	Water intoxication	ADRA1A	ADRA1B	ADRA2A	ADRA2B	ADRA2C	DRD1	DRD2	DRD3	DRD4	HRH1	HTR1A	HTR1D	HTR1E	HTR2A	HTR2C
	Mental disorder	ABCB1	CYP2D6	CYP3A4	CYP3A5	CYP3A7	DRD3
	Dizziness	ABCB1	CYP1A2	CYP2C19	CYP2C9	CYP2D6	CYP3A4	CYP3A5	CYP3A7	UGT1A1
	Laryngitis	CYP1A2	CYP2D6	CYP3A4	SLC6A4
	Pulmonary eosinophilia	ACE	CYSLTR1	SLC15A1	SLC15A2
	Dry skin	ABCB1	ABCG2	ATP4A	CHRM1	CHRM3	CYP1B1	CYP2C19	CYP2C9	CYP2D6	CYP3A4	CYP3A5	CYP3A7	KIT	PDGFRB	RXRB
	Optic neuritis	ABCB1	ABCG2	ABL1	CYP1B1	CYP4A11	ESR1	NR3C1	SHBG	XDH
	Bacteraemia	DCK	POLA1
	Viral infection	CYP3A4
	Breast feeding	CYP2D6
	Alveolar proteinosis	MTOR
	Pemphigoid	SULT1A1
	Sepsis	ABCB1	ABCC1	ABCC10	ABCC4	ABCG2	ABL1	CDA	CYP1B1	DCK	IMPDH1	IMPDH2	KIT	SLC29A1	TOP2A	TYMS	UGT1A1
	Respiratory depression	ALB	ATP2C1	ATP5D	CYP2B6	CYP2C18	CYP2E1	GABRA1	GABRB1	GABRB2	GABRB3	GABRQ	GLRA1	GRIA1	GRIN3A	KCNA1	ND1	OPRD1	OPRK1	OPRM1	PTGS1	UGT1A9	UGT2B4	UGT2B7
	Skin hypertrophy	CYP2C19	CYP2C9	CYP2D6
	Uterine leiomyoma	CYP1A2	CYP1B1	ESR1	ESR2	PGR	SLC6A4
	Volume blood increased	PPARG
	Flushing	ABCB1	CYP2D6
	Ill-defined disorder	ABCB1	ABCC1	ABCG2	CYP2A6	CYP2C19	CYP2C8	CYP2C9	CYP2D6	CYP3A4	CYP3A5	CYP3A7	PTGS1	TOP2A	UGT1A1	UGT1A3	UGT2B7
	Muscle relaxant therapy	ADRA2A	ADRA2B	ADRA2C	AOX1	CYP2B6	CYP2D6	CYP3A4	CYP3A7	DRD1	DRD2	DRD3	DRD4	DRD5	GABBR1	HTR1D	HTR2A	HTR2C	OPRK1	SCN2A	SCN5A	TSPO
	Anger	CYP2E1	CYP3A4	CYP3A5	CYP3A7	GABRA1	GABRA2	GABRA3	GABRA4	GABRA5	GABRA6	GABRB1	GABRB2	GABRB3	GABRD	GABRE	GABRG1	GABRG2	GABRG3	GABRP	GABRQ	GABRR1	GABRR2	GABRR3	SCN1A	SLC6A2	SLC6A3	SLC6A4	TSPO
	Hepatitis cholestatic	CACNA2D2	CYP2C9
	Akinesia	ABCB1	ADRA1A	ADRA1B	ADRA2A	ADRA2B	ADRA2C	CHRM1	CHRM2	CHRM3	CHRM4	CHRM5	CYP1A2	CYP2C19	CYP2D6	CYP3A7	DRD1	DRD2	DRD3	DRD4	DRD5	HRH1	HRH4	HTR1A	HTR1B	HTR1D	HTR1E	HTR2A	HTR2C	HTR3A	HTR5A	HTR6	HTR7
	Generalised erythema	ABCG2
	Vaginal inflammation	ATP4A	CYP3A4	ESR1
	Pulmonary embolism	ABCB1	ABCG2	AOX1	CYP1B1	CYP3A4	CYP3A5	CYP3A7	DRD3	DRD4	ESR1	ESR2	FMO3	HTR1D	HTR1E	PTGIR
	Sexual dysfunction	ABCB1	CACNA2D1	CYP2D6	CYP3A4	CYP3A5	CYP3A7	SLC6A2	SLC6A4
	Gravitational oedema	HTR2B
	Dry mouth	ABCB1	ADRA1A	ADRA1B	ADRA1D	ADRA2A	ADRA2B	ADRA2C	CALM1	CHRM1	CHRM2	CHRM3	CHRM4	CHRM5	CYP1A2	CYP2B6	CYP2C19	CYP2C9	CYP2D6	CYP3A4	CYP3A5	CYP3A7	DRD1	DRD2	DRD3	DRD4	DRD5	HRH1	HRH4	HTR1A	HTR1B	HTR1D	HTR2A	HTR2B	HTR2C	HTR3A	HTR6	HTR7	OPRK1	OPRM1	ORM1	SLC6A2	SLC6A3	SLC6A4	TSPO	UGT1A1	UGT1A3	UGT1A4	UGT1A9	UGT2B7
	Hepatomegaly	CYP3A4
	Sneezing	CHRNA10	HTR3A	OPRD1	OPRK1	OPRM1	SCN10A
	Faecalith	ADRA2A	ADRA2B	ADRA2C	CHRM1	CHRM2	CHRM3	CHRM4	CHRM5	CYP2D6	DRD1	DRD2	DRD3	DRD4	HTR1B	HTR1D	HTR1E	HTR2A	HTR2C	HTR3A	HTR6	HTR7	OPRD1	OPRK1	OPRM1	UGT1A8
	Gastrointestinal pain	ABCC1	ABCG2	CYP2C8	CYP2C9	CYP2D6	CYP3A4	CYP3A5	CYP3A7	SLC15A2	TOP2A	UGT2B7
	Neoplasm	ABCC1	ABCG2	AR	CYP3A4	ESR1	KIT	PDGFRB
	Respiratory paralysis	SCN10A
	Cough	ABCB1	ABCG2	ACE	CYP2C8	CYP2C9	CYP2D6	CYP3A4	CYP3A5	CYP3A7	DCK	UGT1A1
	Ejaculation disorder	ADRA1A	ADRA1B	ADRA2A	ADRA2B	ADRA2C	CHRM1	CHRM2	CHRM3	CHRM4	CHRM5	CYP2B6	CYP2C19	CYP2D6	CYP3A4	CYP3A5	DRD1	DRD2	DRD3	DRD4	DRD5	GRIN3B	HRH1	HTR1A	HTR1B	HTR1D	HTR1E	HTR2A	HTR2C	HTR3A	HTR6	HTR7	PDE6G	PDE6H	SLC6A2	SLC6A3	SLC6A4	SRD5A1	SRD5A2
	Conduction disorder	ABCB1	ADRA1A	ADRA1B	ADRA1D	ADRA2C	CHRM2	CHRM3	CHRM4	CHRM5	CYP2D6	DRD2	HRH1	HTR1A	HTR2A	HTR2C	HTR6	KCND2	KCND3	ORM1	SIGMAR1	SLC6A2
	Contact lens intolerance	ESR1
	Nasal discomfort	NR3C1	SERPINA6
	Restless legs syndrome	ABL1	ADRA1A	ADRA1B	ADRA2A	ADRA2B	ADRA2C	CHRM1	CHRM4	CHRM5	CYP1A2	CYP2D6	CYP3A4	CYP3A5	CYP3A7	DRD1	DRD2	DRD3	DRD4	DRD5	HRH1	HTR1A	HTR1D	HTR1E	HTR2A	HTR2C	HTR3A	HTR6	HTR7	KIT	MTNR1A	MTNR1B	SLC6A2	SLC6A3	SLC6A4
	Alcoholism	OPRD1	OPRK1	OPRM1
	Blood parathyroid hormone increased	FDPS
	Tension	ABCB1	ACE	ADRA1A	CACNA2D1	CHRM1	CYP1A2	CYP2C19	CYP2C8	CYP2C9	CYP2D6	CYP3A4	CYP3A5	GABRA1	GABRA2	GABRA3	GABRA5	GABRB1	GABRD	GABRE	GABRG1	GABRG2	GABRG3	GABRP	GABRQ	GABRR1	GABRR2	GABRR3	GRIN3B	HRH1	PTGS1	SLC6A2	SLC6A3	SLC6A4	TSPO	UGT1A10
	Buccoglossal syndrome	ADRA1A	ADRA1B	ADRA2A	ADRA2B	ADRA2C	CHRM1	CHRM2	CHRM3	CHRM4	CHRM5	CYP2D6	DRD1	DRD2	DRD3	DRD4	DRD5	HRH1	HTR1A	HTR1B	HTR1D	HTR1E	HTR2A	HTR2C	HTR3A	HTR6	HTR7
	Anorectal disorder	ABCG2	ATP4A	CYP3A4	IMPDH1
	Vulvovaginal candidiasis	ESR1	TOP2A
	Electrocardiogram change	ABCB1	ADRA2B	ADRA2C	DRD2	DRD3	DRD4	HRH4	HTR1A	HTR1D	HTR1E	HTR2C	HTR3A	HTR6
	Insomnia	ABCB1	ADRA1B	ADRB2	CYP1A2	CYP2C19	CYP2C8	CYP2C9	CYP2D6	CYP3A4	CYP3A5	CYP3A7	DRD2	DRD3	HTR1B	HTR1D	HTR2A	HTR2C	SLC6A2	SLC6A3	SLC6A4
	Anorgasmia	ADRA1A	ADRA2C	CYP2D6	CYP3A4	CYP3A5	CYP3A7	DRD1	DRD3	DRD4	HRH1	HTR1A	HTR1D	HTR2A	SLC6A2	SLC6A4
	Urinary retention	ABCB1	ADRA1A	ADRA1B	ADRA1D	ADRA2A	ADRA2B	ADRA2C	CHRM1	CHRM2	CHRM3	CHRM4	CHRM5	CYP1A2	CYP2B6	CYP2C18	CYP2C19	CYP2D6	CYP3A4	CYP3A5	CYP3A7	DRD1	DRD2	DRD3	DRD4	DRD5	GRIN2A	GRIN2B	HRH1	HRH4	HTR1A	HTR1D	HTR1E	HTR2A	HTR2C	HTR3A	HTR6	HTR7	KCND2	KCND3	OPRD1	OPRK1	OPRM1	ORM1	SCN2A	SCN5A	SLC6A2	SLC6A3	SLC6A4	UGT1A6
	Fibrocystic breast disease	CYP2C9	ESR1	SLCO2B1
	Ileitis	CYP2B6	CYP2D6	SLC6A2	SLC6A3	SLC6A4
	Endometrial cancer	CYP19A1	CYP1B1	CYP3A4	ESR1	ESR2	PGR
	Female sexual dysfunction	CHRM1	CYP2B6	CYP2C19	CYP2D6	SLC6A2	SLC6A4
	Panic reaction	SLC6A2	SLC6A3	SLC6A4
	Respiratory arrest	HTR3A	OPRD1	OPRK1	OPRM1	SCN10A
	Cardiac output decreased	SCN10A
	Rheumatoid arthritis	CYP2D6	SLC6A4
	Cyanopsia	PDE5A	PDE6G	PDE6H
	Psoriasis	CYP2D6
	Hypogonadism	OPRD1	OPRK1	OPRM1
	Blood glucose increased	ABCB1	CYP2D6	CYP3A4	CYP3A5	CYP3A7
	Cataract	CYP3A4	NR3C1	SERPINA6
	Metabolic acidosis	CA1	CA2	CA4	CA7
	Pain of skin	RARA	RARB	RARG	RXRB
	Paralysis	HTR1D	SCN10A	SCN5A
	Paraesthesia	ABCB1	ABCC2	ABCG2	ACE	CYP2C8	CYP2C9	CYP2D6	CYP3A4	CYP3A5	CYP3A7	HTR1A	HTR1B	HTR1D	HTR2C	HTR6	SLC6A4	UGT1A3
	Blood thyroid stimulating hormone increased	ABCC2	ABCG2	CYP3A7	FLT1	FLT3	FLT4	KDR	KIT	PDGFRB	RALBP1
	Gastrointestinal candidiasis	ABCG2	ATP4A	IMPDH1	IMPDH2	UGT1A6	UGT1A7
	Neuromuscular block prolonged	CHRNA2
	X-linked lymphoproliferative syndrome	FKBP1A	IMPDH1	IMPDH2	MTOR	UGT1A6	UGT1A7
	Nasal congestion	ADRA1A	ADRA1B	ADRA1D	ADRA2A	ADRA2B	ADRA2C	CALM1	CHRM1	CHRM3	DRD1	DRD2	DRD3	DRD4	DRD5	HRH1	HRH4	HTR1A	HTR1D	HTR2A	HTR2C	HTR6	HTR7
	Diplegia	NR3C1	SLCO1A2
	Hearing impaired	ABCG2	ALB	CYP2C9	CYP3A5	CYP3A7	DCK	PTGS1	PTGS2	SLC22A11	SLC22A6	SLC22A7	SLC22A8	SLC29A1
	Albinism	ADRA2B	ADRA2C	DRD1	DRD3	DRD4	HTR1D	HTR2C
	Cerebral haemorrhage	ABCG2	CYP2C19	CYP2C9	CYP3A4	CYP3A5	CYP3A7	KIT	PDGFRB
	Mania	ABCB1	ADRA1A	ADRA1B	ADRA2A	ADRA2B	ADRA2C	CHRM1	CHRM2	CHRM3	CHRM4	CHRM5	CYP1A2	CYP2B6	CYP2C19	CYP2D6	CYP3A4	CYP3A5	CYP3A7	DRD1	DRD2	DRD3	DRD4	DRD5	GRIN3B	HRH1	HTR1A	HTR1B	HTR1D	HTR1E	HTR2A	HTR2B	HTR2C	HTR3A	HTR6	HTR7	SLC6A2	SLC6A3	SLC6A4
	Precocious puberty	AR	CYP19A1
	Hypovolaemia	UGT1A6
	Breath holding	ALB	ATP2C1	ATP5D	GABRQ	GLRA1	GRIA1	KCNA1	ND1
	Micturition disorder	CHRM1	CYP2B6	CYP2D6	ORM1	SLC6A4
	Dyspnoea exertional	CSF1R	KIT	PDGFRA
	Rhinitis	ABCB1	ABCG2	ACE	AGTR1	CYP2C8	CYP2C9	CYP3A4	CYP3A5
	Cushing's syndrome	FKBP1A	IMPDH1	IMPDH2	NR3C1	SERPINA6	UGT1A7
	Cardiovascular insufficiency	OPRD1	OPRK1	OPRM1	UGT2B4
	Hypertension	ABCB1	ABCC10	ABCG2	ADRA1A	ADRA1B	ADRA1D	ADRA2A	ADRA2B	ADRA2C	CHRM5	CYP1A2	CYP1B1	CYP2C19	CYP2C8	CYP2C9	CYP2D6	CYP3A4	CYP3A5	CYP3A7	DRD1	DRD2	DRD3	DRD4	DRD5	HRH4	HTR1A	HTR1D	HTR2A	HTR2C	HTR3A	HTR6	HTR7	MAOB	ORM1	SLC6A2	SLC6A3	SLC6A4	UGT1A9
	Aggression	ADRA1A	ADRA1B	ADRA2A	ADRA2B	ADRA2C	CYP1A2	CYP2B6	CYP2C19	CYP2D6	CYP3A4	CYP3A5	DRD1	DRD2	DRD3	DRD4	DRD5	GABRA1	GABRA2	GABRA3	GABRA4	GABRA5	GABRA6	GABRB1	GABRB2	GABRB3	GABRD	GABRE	GABRG1	GABRG2	GABRG3	GABRP	GABRQ	GABRR1	GABRR2	GABRR3	HTR1A	HTR1B	HTR1D	HTR2A	HTR2C	HTR7	SLC6A2	SLC6A3	SLC6A4	TSPO
	Acute phase reaction	FDPS
	Cushingoid	ANXA1	NR0B1	NR3C1
	Upper respiratory tract infection	ABCG2	AGTR1	CYP2D6	CYP3A4
	Phlebitis superficial	FMO1
	Terminal insomnia	SLC6A2	SLC6A3	SLC6A4
	Phonophobia	HTR1F
	Head titubation	ADRA2B	ADRA2C	DRD1	DRD3	DRD4	HTR1D	HTR2C
	Incontinence	GABRB1	GABRB2	GABRB3	GABRD	GABRE	GABRG1	GABRG2	GABRG3	GABRP	GABRQ	GABRR1	GABRR2	GABRR3
	Mouth injury	ADRA1A	CHRM1	HRH1	SLC6A2	SLC6A3
	Pharyngitis	ABCB1	ABCC4	ABCG2	ACE	AGTR1	CYP2C8	CYP2C9	CYP3A4	CYP3A7
	Jaundice cholestatic	ABCC8	ACE	ALB	AR	CA1	CA12	CA2	CA9	CYP2C9	ESR1	HMGCR	SHBG	SLC12A3	SLC15A1	SLC22A6	SLCO2B1
	Laryngeal oedema	ACE	SCN10A	SLC15A1	SLC15A2
	Virilism	AR	SHBG
	Liver function test abnormal	ABCB1	ABCG2	CYP3A4	CYP3A5	CYP3A7
	Hangover	GABRA1	GABRA2	GABRA3	GABRA4	GABRA5	GABRA6	GABRB1	GABRB2	GABRB3	GABRD	GABRE	GABRG1	GABRG2	GABRG3	GABRP	GABRQ	GABRR1	GABRR2	GABRR3	TSPO
	Neurosis	CYP2D6	SLC6A4
	Sleep disorder	ABCB1	ADRB2	ATP4A	CYP1A2	CYP2B6	CYP2C19	CYP2C9	CYP2D6	CYP3A4	CYP3A5	CYP3A7	GABRA2	GABRA3	GABRB1	GABRB2	GABRD	GABRE	GABRG1	GABRG2	GABRG3	GABRP	GABRR1	GABRR2	GABRR3	HTR1A	HTR1B	HTR1D	MAOA	SLC6A4	TSPO
	Risus sardonicus	ADRA2B	ADRA2C	DRD1	DRD3	DRD4	HTR1D	HTR2C
	Rectal haemorrhage	ABCB1	ABCC4	ABCG2	CYP2C19	CYP2C8	CYP2C9	CYP3A4	HTR1E	PTGS1	PTGS2	UGT2B7
	Cerebral thrombosis	PGR	TOP2A
	Blood creatine phosphokinase increased	ABCG2	ABL1	AGTR1	CYP2C19	CYP2C9	CYP2D6	CYP3A4	CYP3A5	HMGCR	HTR1E	PPARA	SLCO1B1
	Urethral obstruction	ABCB8	AKR1A1	CBR3	NDUFS2	NDUFS3	NDUFS7	NOS1
	Nephropathy	SLC15A1	SLC15A2
	Skin cancer	FKBP1A
	Dysmenorrhoea	ATP4A	CYP1A2	CYP3A4	DRD1	DRD3	DRD4	ESR1	HTR1B	HTR1D	HTR1E	HTR2C	SLC6A3	SLC6A4
	Respiratory moniliasis	IMPDH1	IMPDH2	UGT1A6	UGT1A7
	Erythema multiforme	ABCB1	ABCC1	ABCC2	ABCC3	ABCC4	ABCG2	ALB	CACNA1G	CYP1A1	CYP1A2	CYP2B6	CYP2C19	CYP2C8	CYP2C9	CYP3A4	CYP3A5	CYP3A7	KIT	PTGS1	PTGS2	SLC15A1	SLC15A2	SLC22A11	SLC22A6	SLC22A7	SLC22A8	SLCO1A2	UGT1A1
	Hepatic neoplasm	AR	ESR1	PGR	SHBG
	Pain	ABCB1	ABCC1	ABCC10	ABCC2	ABCG2	CYP2C9	CYP3A4	CYP3A5	CYP3A7	DCK	UGT1A1
	Skin exfoliation	ABCC10	ABCG2	KIT	PDGFRB
	Peliosis hepatis	AR	CYP19A1	ESR1	HPRT1	SHBG
	Transient ischaemic attack	ABCC4	ACE	FLT1	FLT3	FLT4	HTR1D	KDR	KIT	PDE5A	PDE6G	PDE6H	PDGFRB
	Sudden hearing loss	PDE5A	PDE6G	PDE6H
	Malignant melanoma	FKBP1A	IMPDH1	IMPDH2	MTOR	UGT1A7
	Erythrosis	ABL2	EPHA2	FYN	LCK	SRC	STAT5B	YES1
	Infection	ABCC10	ABCG2	CYP1B1	CYP2C8	CYP2C9	CYP3A4	CYP3A5	DCK	NR3C1	UGT1A1
	Hypochloraemia	IMPDH1	IMPDH2	UGT1A7
	Urinary tract infection	CYP2C9	CYP3A4
	Cyanosis	CYP3A5	CYP3A7	DRD4	HTR1A	HTR1B	HTR1D	HTR1E	SCN5A
	Foetal disorder	GRIN2A	GRIN2B
	Myocardial ischaemia	HTR1B	HTR1D
	Functional gastrointestinal disorder	CYP2D6
	Bradycardia	ABCB1	ACHE	ADRA1A	ADRA2A	ADRA2B	ADRA2C	ADRB1	ADRB2	CACNA1C	CACNA1D	CACNA1H	CACNA1S	CACNB2	CYP2B6	CYP2C18	CYP2D6	CYP3A5	CYP3A7	HTR1A	HTR1B	HTR1D	HTR1F	HTR3A	OPRK1	OPRM1	SCN5A
	Ejaculation failure	ADRA1A	CYP2D6	SLC6A2	SLC6A4
	Hypercholesterolaemia	CYP2C9	CYP2D6	CYP3A4
	Sudden cardiac death	PDE5A	PDE6G	PDE6H
	Acute febrile neutrophilic dermatosis	ABL1	DNMT1	KIT	PDGFRB
	Hyperkalaemia	ACE	AGTR1	ALB	ATP2C1	ATP5D	GRIA1
	Stroke volume increased	ATM	ITPR3	PDE6B	PIK3CA	PIK3CB	PIK3CD	PRKDC
	Peripheral nerve palsy	HMGCR
	Glaucoma	ADRA2A	ADRA2C	ATP4A	CHRM1	CYP2C19	CYP2D6	CYP3A4	DRD1	DRD2	DRD5	HTR2A	NR3C1	SERPINA6	SLC6A2	SLC6A3	SLC6A4
	Skin depigmentation	NR3C1
	Ophthalmoplegia	HMGCR	SLCO1B1
	Purpura	ABCB1	ALB	CA2	CYP1A2	CYP2C19	CYP2C9	PTGS1	PTGS2	SLC12A3	SLC6A4
	Basal cell carcinoma	FKBP1A	MTOR
	Chloasma	ESR1	ESR2	PGR	SHBG
	Nystagmus	ABAT	ABCC2	CYP2B6	CYP2C18	CYP2C19	CYP2C8	CYP3A4	CYP3A7	FMO3	GABRA1	GABRA2	GABRA3	GABRA5	GABRB2	GABRB3	GABRQ	RALBP1	SCN2A	SCN5A	TOP2A	TSPO	UGT1A4	UGT1A8	UGT1A9
	Transaminases increased	ABCC2	CYP3A5	HMGCR	SLCO1B1
	Electrolyte imbalance	CA1	CA2	CA4	CA7	SLC22A6
	Electrocardiogram T wave abnormal	ADRA2B	DRD1	DRD2	DRD3	DRD4	HTR1A
	Delirium	ABCB1	ADRA1A	ADRA1B	ADRA2B	ADRA2C	CHRM1	CHRM2	CHRM3	CHRM4	CHRM5	CYP2B6	CYP2C19	CYP2D6	CYP3A4	CYP3A5	CYP3A7	DRD1	DRD2	DRD3	DRD4	DRD5	HRH1	HTR1A	HTR1D	HTR1E	HTR2A	HTR2C	HTR3A	HTR6	HTR7	OPRK1	ORM1	SLC6A2	SLC6A3	SLC6A4	UGT1A4
	Visual impairment	ABCB1	CACNA2D1	CYP1A1	CYP1A2	CYP2A6	CYP2B6	CYP2C19	CYP2C8	CYP2C9	CYP2D6	CYP3A4	CYP3A5	CYP3A7	HTR1B	UGT1A8	UGT1A9
	Eructation	ABCB1	ABCC4	ATP4A	CYP1A2	CYP2C19	CYP2C8	CYP2C9	CYP2D6	CYP3A4	CYP3A5	CYP3A7	HTR1D	PTGS1	PTGS2	UGT1A10	UGT1A6	UGT1A9	UGT2B7
	Incisional hernia	MTOR
	Skin striae	ANXA1	NR3C1	SERPINA6
	Urinary incontinence	ABCB1	ADRA1A	ADRA2A	ADRA2B	ADRA2C	CYP2B6	CYP2D6	CYP3A4	CYP3A5	CYP3A7	DRD1	DRD3	DRD4	HTR1A	HTR1D	HTR1E	HTR2A	HTR2C	HTR3A	IMPDH1	TSPO
	Dermatitis	ABCB1	ABCG2	CYP2A6	CYP2C8	CYP2C9	CYP3A4	CYP3A5	CYP3A7
	Amblyopia	ABCB1	CYP2B6	CYP2C19	CYP2C8	CYP3A4	SCN2A	SCN4A	UGT1A1	UGT1A3	UGT1A6	UGT1A8	UGT2B7
	Pleural effusion	ABCG2	ABL1	KIT	PDGFRB	UGT1A6
	Self-injurious ideation	CYP2B6	CYP2D6	SLC6A2	SLC6A3	SLC6A4
	Hepatotoxicity	ABCC2	ABCG2	AOX1	CYP1A2	CYP3A5	GSTP1	GSTT1	XDH
	Tooth abscess	CYP2C19	CYP2C9	CYP2D6	CYP3A4
	Post transplant lymphoproliferative disorder	FKBP1A
	Gastritis	ABCG2	ATP4A	CYP2C19	CYP2C8	CYP2C9	CYP2D6	CYP3A4	CYP3A5	CYP3A7	FDPS	HTR1D	PTGS1	PTGS2	UGT1A1
	Scleritis	FDPS
	Arterial thrombosis	ADRB1	ADRB2	UGT1A7
	Bronchospasm	ADRB1	ADRB2
	Schizophrenia	ABCB1	ANXA1	NR3C1
	Necrotising fasciitis	ABCC4	ALB	PTGDR2	PTGS1	PTGS2	SLC22A6
	Haemorrhage in pregnancy	SCN10A
	Ataxia	ABAT	ABCB1	ADRA2C	CHRM1	CHRM4	CHRM5	CHRNA4	CHRNA7	CYP1A2	CYP2A6	CYP2B6	CYP2C19	CYP2C9	CYP2D6	CYP2E1	CYP3A4	CYP3A5	CYP3A7	DRD2	DRD4	DRD5	GABRA1	GABRA2	GABRA3	GABRA4	GABRA5	GABRA6	GABRB1	GABRB2	GABRB3	GABRD	GABRE	GABRG1	GABRG2	GABRG3	GABRP	GABRQ	GABRR1	GABRR2	GABRR3	GRIA2	GRIK2	HRH1	HTR1A	HTR1B	HTR1D	HTR1E	HTR2A	HTR2B	HTR2C	HTR3A	HTR6	HTR7	ORM1	SCN5A	SLC6A2	SLC6A4	TOP2A	TSPO
	Sinus arrest	ADA	ADRB1
	Food poisoning	SLC6A2
	Femur fracture	FDPS
	Hypercapnia	ATP2C1	ATP5D	GLRA1	GRIA1	KCNA1	ND1	PTGER1
	Oesophageal stenosis	ATP4A
	Hepatic congestion	GJA1	HIF1A	NDUFC2	NPPB	SELE	VCAM1
	Porphyrin metabolism disorder	ESR1	SLCO2B1
	Systemic lupus erythematosus	CYP2C19	CYP2C8	SCN5A
	Injury associated with device	SCN10A
	Duodenitis	ATP4A
	Dissociation	HTR1F
	Progressive multifocal leukoencephalopathy	FKBP1A	IMPDH1	IMPDH2	POLA1	UGT1A6	UGT1A7
	Pleurothotonus	ADRA2B	ADRA2C	DRD1	DRD3	DRD4	HTR1D	HTR2C
	Postural orthostatic tachycardia syndrome	ADRA2B	ADRA2C	DRD1	DRD3	DRD4	HTR1D	HTR2C
	Ejaculation delayed	CYP2D6	SLC6A2	SLC6A3	SLC6A4
	Intra-abdominal haematoma	ABL2	EPHA2	FYN	LCK	SRC	STAT5B	YES1
	Metastatic neoplasm	CYP1B1
	Sinusitis	ABCB1	ABCC4	ABCG2	CYP2C19	CYP2C8	CYP2C9	CYP2D6	CYP3A4	CYP3A5	CYP3A7	SLCO1B1	UGT1A3	UGT2B7
	Purpura non-thrombocytopenic	ADRB1	ADRB2
	Osteopenia	FDPS
	Myelodysplastic syndrome	ABCC1	ABCG2	CYP1B1	TOP2A
	Back injury	SLC6A2	SLC6A3	SLC6A4
	Hepatic function abnormal	CYP2C9	SLC15A1
	Pulmonary fibrosis	RRM1
	Ophthalmic herpes simplex	PTGFR
	Sensation of foreign body	NR3C1	PTGFR	SERPINA6	TOP2A
	Lethargy	ABCB1	ADRA2B	ADRA2C	CYP2D6	CYP3A4	CYP3A5	CYP3A7	DRD1	DRD2	DRD3	DRD4	GABRD	GABRE	GABRG1	GABRG3	GABRP	GABRR1	GABRR2	GABRR3	HTR1A	HTR2A	HTR2C	SLC6A4
	Thyroid function test abnormal	CYP3A5
	Tendon rupture	NR3C1	TOP2A
	Hot flush	ABCB1	CYP1B1	CYP2C19	CYP2D6	CYP3A4	CYP3A5	CYP3A7	ESR1	TOP2A
	Vaginismus	SLC22A11	SLCO1C1	SLCO2B1	SLCO4A1
	Cycloplegia	CHRM1	CHRM2	CHRM3
	Allergic granulomatous angiitis	CYSLTR1
	Impaired gastric emptying	OPRD1	OPRK1	OPRM1
	Breast cancer	ESR1	ESR2	PGR	SRD5A1
	Intestinal obstruction	ABCB1	ABCG2	ADRA2A	ADRA2B	ADRA2C	CHRM3	CHRM4	CYP2D6	CYP3A4	CYP3A5	CYP3A7	DRD1	DRD3	DRD4	HTR1A	HTR1B	HTR1D	HTR1E	HTR2A	HTR2C	HTR3A	TOP1	TOP1MT	TUBA4A	TUBB1
	Puncture site haemorrhage	P2RY12
	Paraplegia	NR3C1
	Bacterial infection	FKBP1A
	Blood triglycerides increased	ABCB1	CYP2C9	CYP2D6	CYP3A4	CYP3A5	CYP3A7
	Penile haemorrhage	PDE5A	PDE6G	PDE6H
	Cardiotoxicity	ABCB1	ABCC1	ABCC10	ABCC6	ABCG2	CDA	CYP1B1	CYP3A5	POR	SLC29A1	TOP2A	TOP2B	XDH
	Erythema nodosum	ABCB1	ALOX5	CYP1B1	CYP2B6	CYP2C9	CYP3A5	ESR1	ESR2	PGR	TOP2A
	Vaginal infection	ATP4A	CYP3A4	ESR1
	Muscle fatigue	SLCO1A2	SLCO1B1
	Testicular atrophy	AR
	Neurological symptom	ATP7A	ATP7B	GSTM1	GSTP1	GSTT1	MT1A	MT2A	NQO1	SCN10A	SLC31A1	SLC31A2	SOD1
	Drug withdrawal syndrome neonatal	ADRA1A	ADRA1B	ADRA2A	ADRA2B	ADRA2C	CHRM4	CHRM5	CYP2D6	CYP3A4	CYP3A5	CYP3A7	DRD1	DRD2	DRD3	DRD4	DRD5	HRH1	HTR1A	HTR1B	HTR1D	HTR1E	HTR2A	HTR2C	HTR3A	HTR6	HTR7
	Petechiae	ABCB1	ABCC2	ABCG2	ABL1	CDA	CHRM5	CYP1B1	CYP2C18	CYP2C19	CYP2C8	CYP2C9	CYP3A5	DCK	HTR2C	POLA1	SCN5A	SLC6A2	SLC6A4
	Eczema herpeticum	FKBP1A
	Salivary hypersecretion	ABCB1	ACHE	ADRA2A	ADRA2C	ATP2C1	ATP5D	CHRM1	CHRM2	CHRM3	CHRM4	CHRM5	CYP1A2	CYP2B6	CYP2C19	CYP2D6	CYP2E1	CYP3A4	CYP3A5	CYP3A7	DRD1	DRD2	DRD3	DRD4	DRD5	GABRA1	GABRB2	GABRG2	GABRQ	GLRA1	GRIA1	HRH1	HTR1A	HTR1B	HTR1D	HTR1E	HTR2A	HTR2C	HTR3A	HTR6	HTR7	ND1	SLC36A1	TSPO
	Lacrimal disorder	IMPDH1
	Congestive cardiomyopathy	ABCG2	CYP1B1
	Cardiovascular disorder	CYP3A4
	Hypoglycaemia	ABCB1	ABCC8	ALB	CYP2C19	CYP2C9	CYP2D6	CYP3A4	CYP3A5	CYP3A7	DPP4	DRD1	PPARG
	Polyp	ABCC10	ABCG2	ABL1	CYP1B1	CYP3A4	KIT	POLA1	SLCO1B3
	Oculogyric crisis	ADRA1A	ADRA1B	ADRA2A	ADRA2B	ADRA2C	CALM1	CBR1	CHRM1	CHRM2	CHRM3	CHRM4	CHRM5	CYP2D6	CYP3A5	CYP3A7	DDC	DRD1	DRD2	DRD3	DRD4	DRD5	HRH1	HTR1A	HTR1B	HTR1D	HTR1E	HTR2A	HTR2C	HTR3A	HTR4	HTR5A	HTR6	HTR7
	Motion sickness	SLC6A2	SLC6A3	SLC6A4
	IIIrd nerve paralysis	HMGCR
	Anovulatory cycle	PGR
	Fat redistribution	ABCC1	SLC29A2
	Neuropathy peripheral	ABCB1	ABCC10	ABCC2	ABCG2	CYP1A2	CYP2B6	CYP2C19	CYP2C8	CYP2C9	CYP2D6	CYP3A4	CYP3A5	CYP3A7	DCK	KIT	SLC29A1	UGT1A1
	Hepatic artery thrombosis	FKBP1A	MTOR
	Haemothorax	P2RY12
	Maculopathy	TLR9
	Epidermal necrosis	CYP2C8	CYP2C9	PTGS1	PTGS2	SLC22A8	UGT1A10	UGT1A3	UGT1A9	UGT2B7
	Acute psychosis	CHRM1
	Therapy naive	OPRD1	OPRK1	OPRM1
	Raynaud's phenomenon	ADRB1	ADRB2
	Gingival hyperplasia	ABCB1	CACNA1A	CACNA1B	CACNA1C	CACNA1D	CACNA1H	CACNA1I	CACNA1S	CACNA2D1	CACNA2D2	CACNB2	CALM1	CYP3A4	CYP3A5	CYP3A7	FMO1	IMPDH1	IMPDH2	SCN1A	SCN2A	SCN5A	UGT1A7
	Lactic acidosis	ADK	DCK	NME1	NME2	PAH	SLC22A6	SLC28A1	SLC29A1	SLC29A2
	Lymphoproliferative disorder	FKBP1A	IMPDH1	IMPDH2	MTOR	UGT1A6	UGT1A7
	Peripheral coldness	ADRA2B	ADRB1	ADRB2	CYP2D6	HTR1B	HTR1D	SLC6A2	SLC6A3	SLC6A4
	Abdominal pain	ABCB1	ABCC1	ABCG2	CYP2C8	CYP2C9	CYP2D6	CYP3A4	CYP3A5	CYP3A7	TOP2A	UGT2B7
	Febrile neutropenia	ABCB1	ABCC1	ABCC10	ABCC2	ABCC3	ABCC6	ABCG2	ABL1	ATIC	ATP7A	ATP7B	CDA	CSF1R	CYP1B1	DCK	DPYD	FPGS	GSTM1	GSTP1	GSTT1	KIT	MT1A	MT2A	NQO1	PDGFRA	PDGFRB	POLA1	RRM1	SLC29A1	SLC31A1	SLC31A2	SOD1	TOP1	TOP1MT	TOP2A	TOP2B	TUBA4A	TUBB1	TYMS	XDH
	Myositis	ABCC1	AGTR1	CYP2C8	CYP2C9	CYP3A4	CYP3A5	CYP3A7
	Vaginal haemorrhage	CYP1A2	CYP2B6	CYP2C19	CYP2C9	CYP3A4	CYP3A5	CYP3A7	ESR1	ESR2	PGR
	Retrograde ejaculation	ADRA1A	ADRA1B	DRD1	DRD3	DRD4	HRH1	HTR1A	HTR2A	ORM1
	Diabetic hyperglycaemic coma	ADRA1A	ADRA1B	ADRA2A	ADRA2B	ADRA2C	CHRM1	CHRM2	CHRM3	CHRM4	CHRM5	CYP2D6	CYP3A5	DRD1	DRD2	DRD3	DRD4	DRD5	HRH1	HTR1A	HTR1B	HTR1D	HTR1E	HTR2A	HTR2C	HTR3A	HTR6	HTR7
	Vascular purpura	ABCB1	CA2	CYP1A2	CYP2C19	CYP2C9	PTGS1	PTGS2	SLC12A3	SLC6A4
	Vulvovaginal pruritus	CYP1B1	ESR1	ESR2
	Dysgeusia	ABCB1	ABCG2	CHRM1	CHRM3	CHRM5	CYP1A2	CYP2C19	CYP2C9	CYP2D6	CYP3A4	CYP3A5	CYP3A7	HTR1D	HTR2C	ORM1	SLC6A4	TOP2A
	Urine output	ABCC1	ABCC10	ABCC3	NQO1	TOP2A
	Proteinuria	ACE	PTGS1	PTGS2	SLC15A1	SLC22A6
	Peyronie's disease	ADRB1	ADRB2
	Nephritis	PPARG	PTGS1	PTGS2	UGT1A1
	Ectropion of cervix	ESR1	ESR2	SHBG	SLCO1A2	SLCO1B1	SLCO1C1	SLCO2B1	SLCO4A1
	Neoplasm skin	FKBP1A	MTOR
	Oestrogenic effect	CYP19A1
	Lymphocele	MTOR
	Suicide attempt	ADRA2B	ADRA2C	CYP2C19	CYP2D6	DRD3	DRD4	HTR1D	HTR1E	HTR2A	HTR2C	SLC6A2	SLC6A3	SLC6A4
	Gastrointestinal ulcer haemorrhage	ABCC4	MTHFR
	Alanine aminotransferase increased	ABCB1	ABCG2	ATP4A	CYP1B1	CYP2C19	CYP2C9	CYP2D6	CYP3A4	CYP3A5	CYP3A7	KIT	PDGFRB	UGT1A1
	Protrusion tongue	CALM1	CHRM1	CYP2D6	DRD1	DRD2	DRD3	HTR2A
	Tongue disorder	CHRM1	CHRM3	CYP1A2	CYP2C19	CYP2D6	CYP3A4	DRD3	DRD4	DRD5	HTR1A	HTR1D	HTR1E	HTR2A	HTR2C	SLC6A4
	Dehydration	ABCG2	HTR1D
	Myocardial rupture	ANXA1	NR3C1	SERPINA6	SLCO1A2
	Derealisation	CHRM1	GABRA2	GABRA3	GABRA5	SLC6A2	TSPO
	Glucose tolerance decreased	ESR1	ESR2
	Subcutaneous abscess	KIT
	Periorbital oedema	ABL1	CSF1R	CYP2D6	CYP3A4	DRD3	DRD4	HTR1B	HTR1D	KIT	PDGFRA	PDGFRB
	Urine output increased	CACNA2D1	CYP2C19	CYP2C9	CYP2D6	CYP3A4	CYP3A5	CYP3A7	HTR1D	HTR1E
	Dyspnoea	ABCB1	ABCG2	ADRB1	CYP2C9	CYP2D6	CYP3A4	CYP3A5	CYP3A7	DCK	DRD1	HTR1B	HTR1D	UGT1A1	UGT1A9
	Ventricular dysfunction	ABL1
	Tubulointerstitial nephritis	ABCC2	ABCC4	ALB	ATP4A	CYP1A2	CYP2C9	PTGS1	PTGS2	SLC22A11	SLC22A5	SLC22A6	SLC22A8	TOP2A	UGT2B7
	Excoriation	SLC6A2	SLC6A3
	Hyperglycaemia	CYP1A2	CYP2C19	CYP2C8	CYP2C9	CYP2D6	CYP3A4	CYP3A5	CYP3A7	DCK	SLC12A1	UGT1A1
	Gastrointestinal toxicity	ABCC1	ABCC10	GSTT1	NQO1	TOP2A
	Obesity	ADRA1B	ADRA2A	ADRA2B	ADRA2C	CHRM1	CHRM4	CHRM5	DRD1	DRD3	DRD4	DRD5	HTR1A	HTR1B	HTR1D	HTR1E	HTR2A	HTR2C	HTR6
	Oligohydramnios	ACE
	Cardiomegaly	CYP3A4	NR3C1
	Respiratory tract congestion	CYP2D6
	Pneumothorax	IMPDH1
	Abnormal withdrawal bleeding	ABCG2	CYP1A2	ESR1	ESR2	SHBG	SLCO1A2	SLCO1B1	SLCO1B3	SLCO1C1	SLCO2B1	SLCO4A1
	Mydriasis	ADRA1A	ADRB3	CHRM1	CHRM2	CHRM3	CHRM4	CHRM5	CYP2B6	CYP2C19	CYP2D6	CYP3A4	DRD2	HRH1	HRH4	HTR1A	HTR2A	HTR2C	HTR6	HTR7	KCND2	KCND3	OPRM1	ORM1	SLC6A2	SLC6A3	SLC6A4	UGT2B4
	Panophthalmitis	FDPS
	Pleural fibrosis	ADRA1A	ADRA2A	ADRA2B	ADRA2C	DRD1	DRD2	DRD3	DRD4	DRD5	HTR1A	HTR1B	HTR1D	HTR2A	HTR2B	HTR2C
	Galactorrhoea	ABCB1	ADRA1A	ADRA1B	ADRA1D	ADRA2A	ADRA2B	ADRA2C	ADRB3	CHRM1	CHRM2	CHRM3	CHRM4	CHRM5	CYP1A2	CYP2B6	CYP2C19	CYP2C9	CYP2D6	CYP3A4	CYP3A5	CYP3A7	DRD1	DRD2	DRD3	DRD4	DRD5	ESR1	HRH1	HRH2	HRH4	HTR1A	HTR1B	HTR1D	HTR1E	HTR2A	HTR2C	HTR3A	HTR5A	HTR6	HTR7	ORM1	PGR	SLC6A2	SLC6A3	SLC6A4
	Post herpetic neuralgia	OPRD1	OPRK1	OPRM1
	Malaise	ABCB1	ABCG2	CYP2A6	CYP2C19	CYP2C8	CYP2C9	CYP2D6	CYP3A4	CYP3A5	CYP3A7	TOP2A	UGT1A1	UGT1A3	UGT2B7
	Gastrointestinal disorder	ABCB1	ABCG2	CYP2C8	CYP2C9	CYP2D6	CYP3A4	CYP3A5	CYP3A7
	Oesophageal motility disorder	ADRA2B	ADRA2C	DRD1	DRD3	DRD4	HTR1D	HTR2C
	Hepatic failure	ABCB1	ABCC2	ABCG2	ATP2C1	ATP5D	CYP2C19	CYP2C9	CYP2D6	CYP3A4	CYP3A5	CYP3A7	GRIA1	KCNA1	PTGS1	PTGS2	RALBP1	RRM1	SLC22A6	TOP2A	UGT1A1	UGT1A10	UGT1A3	UGT2B7
	Menometrorrhagia	SLC6A4
	Parosmia	ABCB1	CYP2B6	CYP2C19	CYP2C8	CYP2C9	CYP2D6	CYP3A4	CYP3A5	CYP3A7
	Throat tightness	ABCB1	ADRA1A	ADRA1B	ADRA2A	ADRA2B	ADRA2C	CALM1	CALY	CHRM1	CHRM2	CHRM3	CHRM4	CHRM5	CYP1A2	CYP2D6	DRD1	DRD2	DRD3	DRD4	DRD5	HRH1	HRH4	HTR1A	HTR1B	HTR1D	HTR1E	HTR2A	HTR2C	HTR3A	HTR5A	HTR6	HTR7
	Extrapyramidal disorder	ABCB1	ADRA1A	ADRA1B	ADRA1D	ADRA2A	ADRA2B	ADRA2C	ADRB3	CALM1	CHRM1	CHRM2	CHRM3	CHRM4	CHRM5	CYP1A2	CYP2B6	CYP2C18	CYP2C19	CYP2C9	CYP2D6	CYP3A4	CYP3A5	CYP3A7	DRD1	DRD2	DRD3	DRD4	DRD5	GRIN2B	HRH1	HRH4	HTR1A	HTR1B	HTR1D	HTR1E	HTR2A	HTR2B	HTR2C	HTR3A	HTR5A	HTR6	HTR7	KCNH2	ORM1	SCN5A	SLC6A2	SLC6A3	SLC6A4	UGT1A4
	Folliculitis	ABCG2	CYP3A4	NR3C1	SERPINA6
	Addison's disease	OPRD1	OPRK1	OPRM1
	Bundle branch block	ADRA1A	ADRA1B	ADRA1D	ADRA2A	ADRA2B	ADRA2C	CHRM1	CHRM2	CHRM3	CHRM4	CHRM5	CYP2B6	CYP2D6	CYP3A4	CYP3A5	DRD1	DRD2	DRD3	DRD4	DRD5	HRH1	HTR1A	HTR1D	HTR1E	HTR2A	HTR2C	HTR6	HTR7	KCND2	KCND3	KCNH2	ORM1	SCN5A	SLC6A2	SLC6A4	TOP2A
	Accommodation disorder	ABCB1	ADRA1A	ADRA1B	ADRA1D	ADRA2A	ADRA2C	ADRB3	CHRM1	CHRM2	CHRM3	CHRM4	CHRM5	CYP2C19	CYP2D6	CYP3A5	DRD2	DRD3	DRD4	DRD5	HRH1	HTR1A	HTR1B	HTR1D	HTR2A	HTR2B	HTR2C	HTR3A	HTR6	HTR7	KCND2	KCND3	ORM1	SLC6A2	SLC6A3	SLC6A4
	Agitation	ABCB1	ADORA1	ADORA2A	ADRA1A	ADRA1B	ADRA2A	ADRA2C	CHRM1	CHRM2	CHRM3	CHRM4	CHRM5	CYP1A2	CYP2A6	CYP2B6	CYP2C18	CYP2C19	CYP2C9	CYP2D6	CYP2E1	CYP3A4	CYP3A5	CYP3A7	DRD1	DRD2	DRD3	DRD4	GABRA1	GABRA2	GABRA3	GABRA4	GABRA5	GABRA6	GABRB1	GABRB2	GABRB3	GABRD	GABRE	GABRG1	GABRG2	GABRG3	GABRP	GABRQ	GABRR1	GABRR2	GABRR3	GRIN3A	GRIN3B	HRH1	HTR1A	HTR1B	HTR1D	HTR1E	HTR2A	HTR2C	HTR3A	HTR6	HTR7	MAOA	MAOB	OPRD1	OPRK1	OPRM1	SLC22A5	SLC6A2	SLC6A3	SLC6A4	TSPO	UGT1A6
	Dysarthria	ABCB1	ADRA1A	ADRA2C	CHRM1	CHRM2	CHRM3	CHRM4	CHRM5	CYP1A2	CYP2B6	CYP2C18	CYP2C19	CYP2C9	CYP2D6	CYP3A4	CYP3A5	CYP3A7	DRD1	DRD2	DRD3	DRD4	GABRA1	GABRA2	GABRA3	GABRA4	GABRA5	GABRA6	GABRB1	GABRB2	GABRB3	GABRD	GABRE	GABRG1	GABRG2	GABRG3	GABRP	GABRQ	GABRR1	GABRR2	GABRR3	HRH1	HTR1A	HTR1B	HTR1D	HTR1E	HTR2A	HTR2C	HTR3A	HTR6	HTR7	OPRK1	SCN1A	SCN5A	SLC6A4	TSPO	UGT1A3	UGT1A4	UGT1A9	UGT2B15	UGT2B7
	Facial spasm	ADRA1A	HRH1
	Erysipelas	SLC6A2	SLC6A4
	Faecaloma	ADRA2A	ADRA2B	ADRA2C	CHRM1	CHRM2	CHRM3	CHRM4	CHRM5	CYP2D6	DRD1	DRD2	DRD3	DRD4	HTR1B	HTR1D	HTR1E	HTR2A	HTR2C	HTR3A	HTR6	HTR7	OPRD1	OPRK1	OPRM1	UGT1A8
	Uterine cervical erosion	ESR1	ESR2	PGR	SHBG	SLCO4A1
	Viraemia	IMPDH1	IMPDH2	UGT1A6	UGT1A7
	Renal impairment	ABCB1	ABCC1	ABCC2	ABCC4	ABCG2	AGTR1	ALB	CYP2C8	CYP2C9	CYP3A5	CYP3A7	IMPDH1	NME1	NME2	PTGS1	PTGS2	SLC15A1	SLC15A2	SLC22A6	SLC22A7	SLC22A8	UGT1A1	UGT1A3	UGT2B7
	Xanthopsia	CA1	CA12	CA2	CA4	CA9	SLC12A1	SLC12A3
	Head injury	CYP3A4	OPRD1	OPRK1	OPRM1
	Proctalgia	CYP3A4	TOP2A
	Pancytopenia	ABCB1	ABCC1	ABCC10	ABCC2	ABCC6	ABCC8	ABCG2	ATP4A	CDA	CYP1A2	CYP2C19	CYP2C9	DCK	GSTM1	GSTP1	PTGS1	PTGS2	RRM1	SLC15A1	SLC15A2	SLC22A6	TOP2A	TYMS	XDH
	Muscle spasms	ABCB1	ABCC2	ABCG2	CYP1A2	CYP2B6	CYP2C19	CYP2C8	CYP2C9	CYP2D6	CYP3A4	CYP3A5	CYP3A7	DRD1	DRD3	DRD4	HTR1D	SLCO1B1	UGT1A1
	Nasal dryness	CHRM1	CHRM2	CHRM3
	Interstitial lung disease	ABCB1	ABCC2	ABCG2	ABL1	CYP3A5	KIT
	Stevens-Johnson syndrome	ABCB1	ABCC1	ABCC2	ABCC4	ABCG2	ALB	CYP2C19	CYP2C8	CYP2C9	CYP3A4	CYP3A5	CYP3A7	PTGS1	PTGS2	SLC15A1	SLC22A11	SLC22A6	SLC22A7	SLC22A8
	Pigmentation disorder	KIT	PDGFRB
	Atrioventricular block first degree	ADRA2C	DRD4
	Glossodynia	CYP3A5	CYP3A7	FLT1	FLT3	FLT4	KDR
	Weight increased	ABCB1	ADRA1A	ADRA1B	ADRA1D	ADRA2A	ADRA2B	ADRA2C	ATP4A	CHRM1	CHRM2	CHRM3	CHRM4	CHRM5	CYP19A1	CYP1A2	CYP1B1	CYP2A6	CYP2C19	CYP2C8	CYP2C9	CYP2D6	CYP3A4	CYP3A5	CYP3A7	DRD1	DRD2	DRD3	DRD4	DRD5	ESR1	HRH1	HRH4	HTR1A	HTR1B	HTR1D	HTR1E	HTR2A	HTR2B	HTR2C	HTR3A	HTR6	HTR7	ORM1	PGR	SLC6A2	SLC6A3	SLC6A4	UGT1A4
	Haemangioma	CYP1A1	CYP1A2	CYP1B1	ESR1	ESR2	SLCO2B1	SLCO4A1
	Pyelonephritis	IMPDH1
	Suicidal ideation	CYP17A1	CYP2B6	CYP2C19	CYP3A4	CYP3A5	DRD2	GRIN3B	HRH1	HTR2C	HTR3A	HTR6	SLC6A2	SLC6A3	SLC6A4
	Immune system disorder	ABCB1	ABCC1	ABCG2	CYP3A4	CYP3A5	CYP3A7
	Haemolytic anaemia	ABCC2	ABCC8	ACE	ALB	CYP2C19	CYP2C8	CYP2C9	KCNJ1	PTGS1	PTGS2	SLC15A1	SLC15A2	SLC22A11	SLC22A5	SLC22A6	SLC22A8	UGT1A10	UGT1A3	UGT2B7
	Growth of eyelashes	PTGFR
	Skin irritation	CYP3A7	RARG	RXRB
	Hyperreflexia	ABAT	ADRA1A	CYP2D6	CYP3A4	DRD1	DRD2	DRD3	DRD4	HTR1D	HTR2A	HTR2C	SCN4B	SLC6A4	UGT1A4
	Ovarian cancer	CYP1B1	ESR1	ESR2	NR1I2	SLCO1B3	SLCO2B1
	Biliary colic	CYP2D6	CYP3A4	OPRD1	OPRK1	OPRM1
	Inflammation	ABCG2
	Heart rate irregular	ADRA1A	ADRA1B	CHRM4	HTR1A	HTR1D	HTR1E	HTR2A	HTR6
	Polydipsia	ADRA1A	ADRA1B	ADRA2A	ADRA2B	ADRA2C	CHRM2	CHRM3	CHRM4	CHRM5	DRD1	DRD2	DRD3	DRD4	DRD5	HRH1	HTR1A	HTR1B	HTR1D	HTR1E	HTR2A	HTR2C	HTR3A	HTR6	HTR7
	Left ventricular dysfunction	KIT	PDGFRB
	Toothache	CYP2C19	CYP2C9	CYP2D6	CYP3A4	DRD1	DRD3	DRD4	HTR1A	HTR1B	HTR1D	HTR2A	HTR2C
	Flat affect	CYP2C19	CYP2D6	CYP3A4	DRD3	DRD4	DRD5	GABRA1	GABRQ	HTR1B	HTR1D	HTR1E	HTR2A	HTR2C	HTR3A	IMPDH1	SLC6A3	SLC6A4
	Enlarged clitoris	AR
	Neuroleptic malignant syndrome	ABCB1	ADRA1A	ADRA1B	ADRA1D	ADRA2A	ADRA2B	ADRA2C	CALM1	CHRM1	CHRM2	CHRM3	CHRM4	CHRM5	CYP1A2	CYP2B6	CYP2C19	CYP2D6	DRD1	DRD2	DRD3	DRD4	DRD5	HRH1	HRH4	HTR1A	HTR1B	HTR1D	HTR1E	HTR2A	HTR2B	HTR2C	HTR3A	HTR5A	HTR6	HTR7	SLC6A2	SLC6A3	SLC6A4
	Electrocardiogram QRS complex	ADRA1D	ADRB3	CHRM1	CHRM2	CHRM3	CHRM4	CHRM5	CYP1A2	CYP2D6	DRD2	HRH1	HTR1A	HTR2A	HTR2C	HTR6	HTR7	KCND2	KCND3	ORM1	SCN5A	SIGMAR1	SLC22A1	SLC22A2	SLC22A3	SLC22A4	SLC6A2	SLC6A4
	Anaemia	ABCB1	ABCC1	ABCC2	ABCC4	ABCC5	ABCC6	ABCG2	CYP1A2	CYP2C19	CYP2C9	CYP3A4	CYP3A5	CYP3A7	DCK	PTGS1	PTGS2	SLC22A6	SLC29A1	TOP2A	UGT1A1	UGT2B7
	Blister	CYP2A13	CYP2A6	CYP2B6	CYP2C8	CYP2C9	CYP2D6	CYP3A4	CYP3A5	CYP3A7
	Muscle spasticity	GABBR1
	Blindness unilateral	CACNA1C	CACNA1D	CACNA1S	CACNA2D1	CACNB2
	Tooth disorder	CYP3A4
	Mediastinal disorder	ABCB1	ABCC10	ABCG2	CYP2D6	CYP3A4	CYP3A5	CYP3A7	UGT1A1
	Drug tolerance	CYP2D6	HTR2C	OPRD1	OPRK1	OPRM1	SLC6A2	SLC6A4
	Eyelid oedema	ABL1	KIT	PDGFRB
	Foetal distress syndrome	PTGER1	SCN10A
	Appendicitis	CHRM1	CYP3A4	SLC6A2	SLC6A4
	Systemic lupus erythematosus rash	ABL2	EPHA2	FYN	LCK	SRC	STAT5B	YES1
	Thrombophlebitis superficial	ESR1	ESR2
	Mouth ulceration	ABCB1	ABCC1	ABCC4	ABCG2	ATP4A	CYP2B6	CYP2C19	CYP2C9	CYP2D6	CYP3A4	CYP3A5	CYP3A7	IMPDH1	IMPDH2	KIT	UGT1A1	UGT2B7
	Musculoskeletal pain	ABCB1	ABCB11	ABCG2	ABL1	CYP3A4	CYP3A5	CYP3A7	FDPS	HMGCR	KIT
	Deafness neurosensory	TLR9
	Blood alkaline phosphatase increased	ABCG2	CYP2C9	CYP3A4	CYP3A5	CYP3A7	TOP2A
	Haemoglobin decreased	ABCB1	ABCG2	CYP3A4	CYP3A7	DRD3	DRD4	KIT	PDGFRB
	Cranial nerve paralysis	ABCC10	SCN10A
	Pulmonary haemorrhage	ABCB1	CSF1R	CYP2C19	CYP3A5	CYP3A7	PDE6G	PDE6H	PDGFRA
	Periodontal destruction	CHRM1
	Stomatitis	ABCB1	ABCC1	ABCC4	ABCG2	CYP2C9	CYP3A5	CYP3A7	GSTP1	KIT	PTGS1	PTGS2	SLC22A6	TOP2A	TYMS	UGT1A9
	Psychotic disorder	ABAT	ABCB1	ADRA1A	ADRA1B	ADRA2A	ADRA2B	ADRA2C	CACNA1G	CHRM1	CHRM2	CHRM3	CHRM4	CHRM5	CYP1A2	CYP2B6	CYP2C18	CYP2C19	CYP2D6	CYP2E1	CYP3A4	CYP3A5	CYP3A7	DDC	DRD1	DRD2	DRD3	DRD4	DRD5	GRIN2B	HRH1	HTR1A	HTR1D	HTR2A	HTR2C	HTR6	HTR7	IMPDH1	ORM1	SCN5A	SLC22A4	SLC6A2	SLC6A3	SLC6A4	UGT1A4
	Akathisia	ABCB1	ADRA1A	ADRA1B	ADRA2A	ADRA2B	ADRA2C	CALM1	CHRM1	CHRM2	CHRM3	CHRM4	CHRM5	CYP1A2	CYP2D6	CYP3A5	CYP3A7	DRD1	DRD2	DRD3	DRD4	DRD5	HRH1	HRH4	HTR1A	HTR1B	HTR1D	HTR1E	HTR2A	HTR2C	HTR3A	HTR4	HTR5A	HTR6	HTR7	SLC6A2	SLC6A3	SLC6A4
	Torticollis	ADRA1A	ADRA1B	ADRA2A	ADRA2B	ADRA2C	CALM1	CHRM1	CHRM2	CHRM3	CHRM4	CHRM5	CYP2D6	CYP3A5	CYP3A7	DRD1	DRD2	DRD3	DRD4	DRD5	HRH1	HTR1A	HTR1D	HTR1E	HTR2A	HTR2C	HTR3A	HTR6	HTR7	SLC6A4
	Initial insomnia	SLC6A2	SLC6A3	SLC6A4
	Atrial fibrillation	CYP2D6
	Nuchal rigidity	ABCB1	ATP4A	CYP2C19	CYP2C9	CYP2D6	CYP3A4	CYP3A5	CYP3A7	DRD3	HTR2C	SCN4A
	Fluid retention	ABCB1	ABCG2	ABL1	CYP17A1	CYP1B1	CYP2C8	CYP2C9	CYP3A4	CYP3A5	CYP3A7	ESR1	PGR
	Nephrotic syndrome	ABCC4	ALB	ALOX5	CYP2C9	FLT1	FLT3	FLT4	IKBKB	KDR	MPO	PLA2G2A	PPARG	PTGDR2	PTGS1	PTGS2	SLC22A11	SLC22A6
	Hepatitis chronic active	ABCC2	HMGCR	SLCO1A2	SLCO1B1
	Leukoderma	ANXA1	NR3C1	SERPINA6
	Necrotising enterocolitis neonatal	BCL2
	Staphylococcal bacteraemia	DNMT1
	Asthenia	ABCB1	ABCG2	CHRM4	CYP2C19	CYP2C8	CYP2C9	CYP2D6	CYP3A4	CYP3A5	CYP3A7	HTR1A	HTR1B	HTR1D	ORM1	UGT1A1
	Leukocytoclastic vasculitis	SLC22A6
	Hepatobiliary disease	ABCB1	ABCC2	ABCC4	ABCG2	CYP1A2	CYP2C19	CYP2C9	CYP3A4	CYP3A5	CYP3A7	DCK	KIT	SLC22A8	UGT1A1
	Cerebral artery embolism	SLC7A5	SLCO1C1	SLCO4A1	SLCO4C1	THRA	THRB
	Hypoventilation	CHRNA4	CHRNA7	GABRA1	GABRQ	GRIA2	GRIK2
	Tachyarrhythmia	TOP2A
	Catheter site erythema	DNMT1
	Post procedural haemorrhage	F10	PTGS2
	Testicular swelling	ADRA1A	ADRA1B	ADRA1D	ADRA2A	ADRA2C	ADRB3	CHRM1	CHRM2	CHRM3	CHRM4	CHRM5	CYP1A2	CYP2D6	DRD2	HRH1	HRH4	HTR1A	HTR2A	HTR2C	HTR6	HTR7	KCND2	KCND3	ORM1	SIGMAR1	SLC6A2	SLC6A3	SLC6A4
	Leukopenia	ABCB1	ABCC2	ABCC6	ABCC8	ABCG2	CYP2C19	CYP2C8	CYP2C9	CYP3A5	CYP3A7	DRD2	HRH4	HTR2A	HTR6	HTR7	PTGS1	SLC15A1	SLC15A2	SLC22A6	SLC29A1	TOP2A	UGT1A3	UGT1A9	XDH
	Impaired healing	NR3C1	SERPINA6
	Glabellar reflex abnormal	ADRA2B	ADRA2C	DRD1	DRD3	DRD4	HTR1D	HTR2C
	Confusional state	ABCB1	ADRA2C	CHRM1	CHRM2	CHRM3	CHRM4	CHRM5	CYP1A2	CYP2B6	CYP2C18	CYP2C19	CYP2C8	CYP2C9	CYP2D6	CYP3A4	CYP3A5	CYP3A7	DRD1	DRD2	DRD3	DRD4	GABRA1	GABRA2	GABRA3	GABRA5	GABRQ	HRH1	HTR1A	HTR1B	HTR1D	HTR2A	HTR2B	HTR2C	HTR6	HTR7	OPRK1	OPRM1	SCN5A	SLC22A4	SLC6A2	SLC6A4	TOP2A	TSPO	UGT1A1	UGT1A3	UGT1A9	UGT2B7
	Peritonitis	FKBP1A	IMPDH1	IMPDH2	MTOR	UGT1A7
	Thrombocytosis	TOP2A
	Neonatal disorder	IMPDH1	IMPDH2	UGT1A1	UGT1A10	UGT1A6	UGT1A7	UGT1A8	UGT1A9	UGT2B7
	Floppy iris syndrome	ADRA1A	ADRA1B	ADRA1D	KCNH2	KCNH6	KCNH7
	Cystoid macular oedema	PTGFR
	Alcohol intolerance	ABCC8	CYP2C19	CYP2C9	KCNJ1
	Ototoxicity	ABCC2	ATP7A	ATP7B	CYP4A11	GSTM1	GSTP1	GSTT1	MT1A	MT2A	NQO1	SLC31A1	SLC31A2	SOD1
	Nodular regenerative hyperplasia	HPRT1
	Gingival bleeding	ABCG2	CYP2C19	CYP3A4	CYP3A5	CYP3A7
	Hyponatraemia	ABCB1	ABCC8	ABCG2	ATP4A	CYP2C9	CYP3A4	CYP3A7	RALBP1	UGT1A9
	Leukaemia	ABCC1	ABCC2	PTPRS
	Parathyroid disorder	IMPDH1	IMPDH2	UGT1A6	UGT1A7
	Conversion disorder	CYP2B6	CYP2D6	HRH1	SLC6A4
	Meningitis aseptic	ABCC4	ALB	CYP2C8	CYP2C9	PTGS1	PTGS2	SLC22A11	SLC22A6	SLC46A1	UGT2B7
	Affect lability	ABCB1	CYP1B1	CYP2B6	CYP2C19	CYP2C9	CYP2D6	CYP3A4	CYP3A5	CYP3A7	PGR	SLC6A3	UGT2B4
	Viral skin infection	DCK
	Neuritis	ABCC10	BCL2	CYP2C9	CYP3A4	DCK	SLC29A1
	Menopausal symptoms	ABCB1	CYP1B1	CYP2D6	CYP3A4	CYP3A5	CYP3A7	ESR1	TOP2A
	Osteonecrosis	NR3C1
	Breast disorder	ABCB1	ABCG2	CYP1A2	CYP2D6	CYP3A4	CYP3A5	CYP3A7	ESR1
	Prinzmetal angina	HTR1A	HTR1B	HTR1D	HTR1F	MAOA
	Plantar fasciitis	SLC6A2	SLC6A3	SLC6A4
	Polymyalgia rheumatica	HMGCR
	Horner's syndrome	SCN10A
	Renal papillary necrosis	PTGS1	PTGS2	UGT2B7
	Peripheral motor neuropathy	ABCC10	DCK	POLA1	RALBP1
	Angioedema	ABCB1	ACE	CYP1A2	CYP2C19	CYP2C8	CYP2C9	CYP2D6	CYP3A4	CYP3A5	CYP3A7	PTGS1	PTGS2	SLCO1B1	UGT1A3
	Miliaria	NR3C1	SERPINA6
	Serum sickness	SLC15A1	SLC15A2	SLC22A6
	Pregnancy	ABCB1	CYP2D6	CYP3A5	CYP3A7	DRD1	DRD2	DRD3	DRD4	HRH1	HTR1D	HTR1E	HTR2A	PGR
	Osteoporosis	CYP19A1	CYP2B6	CYP3A4	FMO1	NR3C1
	Oedema	ABCB1	ABCG2	CHRM5	CYP1A2	CYP2A6	CYP2C9	CYP2D6	CYP3A4	CYP3A5	CYP3A7	DCK	HTR1A	HTR2A	HTR2B	HTR2C	PTGS1
	Irritability	ABCB1	ADORA1	CACNA1G	CHRNA3	CYP1A2	CYP1B1	CYP2B6	CYP2C19	CYP2C9	CYP2E1	CYP3A4	CYP3A5	CYP3A7	GABRA1	GABRA2	GABRA3	GABRA4	GABRA6	GABRB1	GABRD	GABRE	GABRG1	GABRG3	GABRP	GABRR1	GABRR2	GABRR3	OPRD1	OPRK1	OPRM1	SHBG	SIGMAR1	SLC6A2	SLC6A3	SLC6A4	SLCO1C1	TSPO
	Swollen tongue	ADRA1A	ADRA1B	ADRA2C	CYP1A2	CYP3A4	CYP3A5	DRD4	HTR1A	HTR1D	HTR2A	HTR2C
	Hyperlipidaemia	CYP2B6	CYP2C19	CYP2C9	CYP2D6	CYP3A4
	Hypophosphataemia	ABCC2	ABCG2	ABL1	AK2	AK4	CSF1R	CYP2B6	CYP3A5	CYP3A7	FDPS	FLT1	FLT3	FLT4	KDR	KIT	PDGFRA	PDGFRB	UGT1A6	UGT1A7
	Phlebitis	CYP2B6	TOP2A
	Osteomalacia	AK2	AK4	NME1	NME2
	Ligament injury	SLC6A2	SLC6A4
	Substance abuse	OPRD1	OPRK1	OPRM1
	Spinal haematoma	F10
	Abdominal distension	ABCB1	ABCG2	CYP2C9	CYP3A4	CYP3A7
	Osteomyelitis	FDPS
	Obsessive-compulsive disorder	ADRA1A	CYP2D6	DRD1	DRD2	DRD3	DRD4	HRH1	SLC6A3
	Hyperhidrosis	ABCB1	ABCG2	CYP2C9	CYP2D6	CYP3A4	CYP3A5	CYP3A7
	Withdrawal bleed	ESR1	ESR2	PGR	SHBG	SLC22A1
	Eye movement disorder	ADRA1B	ADRA2B	ADRA2C	DRD1	DRD3	DRD4	HTR1A	HTR1D	HTR2A	HTR2C
	Skin fissures	EGFR
	Protein-losing gastroenteropathy	ABL2	EPHA2	FYN	LCK	SRC	STAT5B	YES1
	Panic attack	SLC6A2	SLC6A4
	Venous pressure increased	IMPDH1	IMPDH2	UGT1A1	UGT1A6	UGT1A7	UGT1A9	UGT2B7
	Toxic epidermal necrolysis	ABCB1	ABCC1	ABCC2	ABCC4	ABCG2	ALB	ATP4A	CA2	CYP2C19	CYP2C8	CYP2C9	CYP3A5	CYP3A7	PTGS1	PTGS2	SLC15A1	SLC22A11	SLC22A6	SLC22A7	SLC22A8	TOP2A	UGT1A1	UGT1A3	UGT2B7
	Euphoric mood	CYP2B6	CYP2C19	CYP2C9	CYP2D6	CYP3A4	CYP3A43	CYP3A5	CYP3A7	GABRA1	GABRA2	GABRA3	GABRA4	GABRA5	GABRA6	GABRB1	GABRB2	GABRB3	GABRD	GABRE	GABRG1	GABRG2	GABRG3	GABRP	GABRQ	GABRR1	GABRR2	GABRR3	HTR1B	HTR1D	HTR1E	HTR2A	HTR2B	MAOA	MAOB	OPRD1	OPRK1	OPRM1	SCN2A	SLC6A2	SLC6A3	SLC6A4	TSPO	UGT1A3	UGT1A9	UGT2B15	UGT2B4
	Hypoxia	CHRNA4	CHRNA7	DCK	GABRA1	GABRQ	GRIA2	GRIK2
	Feeling abnormal	ABCB1	ABCC1	ABCG2	CHRM1	CHRM2	CHRM4	CHRM5	CYP1A2	CYP2A6	CYP2B6	CYP2C19	CYP2C8	CYP2C9	CYP2D6	CYP3A4	CYP3A5	CYP3A7	HTR1A	HTR1B	HTR1D	HTR2A	HTR2B	HTR2C	SCN5A	TOP2A	TSPO	UGT1A1	UGT1A3
	Nerve injury	NR3C1	SERPINA6
	Muscle rigidity	ADRA1A	ADRA1B	ADRA2A	ADRA2B	ADRA2C	ATP2C1	ATP5D	CALM1	CHRM1	CHRM2	CHRM3	CHRM4	CHRM5	CYP2D6	CYP3A5	CYP3A7	DRD1	DRD2	DRD3	DRD4	DRD5	GLRA1	GRIA1	HRH1	HRH4	HTR1A	HTR1B	HTR1D	HTR1E	HTR2A	HTR2C	HTR3A	HTR5A	HTR6	HTR7	KCNA1	ND1	OPRD1	OPRK1	OPRM1
	Encephalopathy	SLC22A6	SLC36A1
	Coma	ALB	CYP2B6	CYP2C8	CYP2C9	GRIN2A	OPRK1	PTGS1	SCN5A	UGT1A9
	Cardiomyopathy	ABCB1	ABCC4	ABCG2	CYP3A5	CYP3A7	POR	SLC29A1	TOP2A	TYMP
	Arachnoiditis	NR3C1	SCN10A
	Sudden onset of sleep	ADRA2A	ADRA2B	ADRA2C	DRD1	DRD2	DRD3	DRD4	DRD5	HTR1A	HTR1B	HTR1D	HTR2A	HTR2B	HTR2C
	Mood swings	ABCB1	ABCG2	CYP1B1	CYP2B6	CYP2C19	CYP2C8	CYP2C9	CYP2D6	CYP3A4	CYP3A5	CYP3A7	ESR1	PGR	UGT2B4
	Hypocalcaemia	ABCG2	ABL1	CYP1B1	CYP3A5	FDPS	IMPDH1	KIT	PDGFRB	SLC29A1
	Colitis	ABCG2	ALB	BCL2	CYP2C8	CYP2C9	CYP3A5	IMPDH1	PTGS1	PTGS2	UGT1A1	UGT1A9	UGT2B7
	Cerebrovascular accident	ABCB1	ABCG2	ACE	ADRA1A	ADRA1B	ADRA1D	ADRA2A	ADRA2B	ADRA2C	ADRB3	CES2	CHRM1	CHRM4	CHRM5	CYP2D6	CYP3A4	CYP4A11	DRD4	ESR2	HRH1	HTR1A	HTR1B	HTR1D	HTR1E	HTR2A	HTR2C	HTR6	HTR7	NQO1	ORM1	SLC6A2	SLC6A3	SLC6A4
	Stupor	CYP3A4	CYP3A5	CYP3A7	GABRA1	GABRQ	HTR1D	TSPO	UGT2B15
	Hyperaesthesia	ABCB1	ABCG2	CYP2B6	CYP2C9	CYP3A4	CYP3A5	CYP3A7	HTR1B	HTR1F	TOP2A
	Gastroenteritis	ABCB1	ATP4A	CYP2C19	CYP2C8	CYP2C9	CYP2D6	CYP3A4	HTR1D	UGT1A1
	Gout	ABCB1	CYP2C9	CYP2D6	CYP3A4
	Cardiac failure congestive	ABCB1	ABCC4	ABCC6	ABCG2	ADRB1	ALB	CACNA1C	CACNA1S	CACNA2D1	CYP2C9	CYP3A7	KIT	PDGFRB	PPARG	PTGS1	PTGS2	THRA	THRB	TOP2A	UGT2B7
	Shock	ABCB1	CACNA2D1	CYP1A2	CYP1B1	CYP2B6	CYP2C19	CYP2C8	CYP2C9	CYP2D6	CYP3A4	CYP3A5	CYP3A7	HTR1A	HTR1B	HTR1D	HTR2C	HTR3A	HTR6	ORM1	SCN5A	UGT1A1	UGT1A9
	Increased insulin requirement	ANXA1	NR3C1	SERPINA6	SLCO1A2
	Paronychia	EGFR
	Rash generalised	CYP1B1
	Benign intracranial hypertension	NR0B1	NR3C1	SLCO1A2
	Pneumonia	ABCB1	ABCC10	ABCG2	CYP2C19	CYP2C9	CYP3A4	CYP3A5	CYP3A7	DCK	KIT	TOP2A	UGT1A1
	Anaphylactoid syndrome of pregnancy	PTGER2	PTGER3	PTGER4
	Painful ejaculation	ORM1	SLC6A2
	Craniosynostosis	SLC7A5	SLCO1C1	SLCO4A1	SLCO4C1	THRA	THRB
	Bruxism	CYP2D6	SLC6A2	SLC6A3	SLC6A4
	Uveitis	FDPS	PTGFR
	Bone disorder	ABCG2	CYP3A4
	Completed suicide	ADRA1A	CYP2D6	CYP3A4	DRD2	DRD3	DRD4	HRH1	HTR1A	HTR1D	HTR1E	HTR2C	HTR3A	SLC6A2	SLC6A3	SLC6A4
	Dyspareunia	ESR1	PGR
	Proctitis ulcerative	ABCB8	AKR1A1	CBR3	NDUFS2	NDUFS3	NDUFS7	NOS1
	Thirst	HTR1D
	Deafness	ABCB1	ABCC1	ABCC10	ABCC2	ABCC4	ABCG2	ALB	BCL2	CYP2B6	CYP2C19	CYP2C8	CYP2C9	CYP3A5	CYP3A7	DCK	IMPDH1	PTGS1	PTGS2	SLC22A11	SLC22A6	SLC22A7	SLCO1A2	TUBB	UGT2B7
	Cognitive disorder	ABCC2	CYP2C19	CYP2C8	CYP3A4	CYP3A5	CYP3A7	HMGCR	SCN1A	SCN4B	SLCO1A2	UGT1A1	UGT1A3	UGT2B7
	Optic ischaemic neuropathy	ATP4A	PDE5A	PDE6G	PDE6H
	Scrotal oedema	ABCG2	ABL1	CYP3A5	IMPDH1	IMPDH2	MTOR	PDGFRB	UGT1A7
	Dizziness postural	ADRA1A	ADRA1B	ADRA2A	ADRA2B	ADRA2C	CYP2D6	CYP3A4	DRD1	DRD2	DRD3	DRD4	DRD5	HRH1	HTR1A	HTR1D	HTR1E	HTR2A	HTR2C	HTR3A
	Tongue spasm	ADRA1A	ADRA1B	ADRA2A	ADRA2B	ADRA2C	DRD1	DRD2	DRD3	DRD4	HRH1	HTR1A	HTR1D	HTR2A	HTR2C
	Asterixis	CYP2B6	CYP2C18
	Vision blurred	ABCB1	ADRA1A	ADRA1B	CHRM1	CHRM2	CHRM3	CHRM4	CHRM5	CYP1A2	CYP2C18	CYP2D6	CYP3A7	DRD2	HRH1	HTR2A	HTR2C	HTR6	PTGS1	SLC6A2	SLC6A4
	Catatonia	ABCB1	ADRA1A	ADRA2C	ADRB1	ADRB2	CALM1	CYP2D6	DRD1	DRD2	DRD3	DRD4	HRH1	HTR1A	HTR1B	HTR1E	HTR2A	HTR6	HTR7
	Pain in extremity	CYP3A4
	Surgery	ADRA1A	CHRM1	CYP2B6	HRH1	HTR2A
	Hyperkeratosis	CYP2D6	DRD4	FLT1	FLT3	FLT4	HTR2C	KDR	KIT
	Disturbance in sexual arousal	ABCB1	ACE	ADRA1A	ADRA1B	ADRA1D	ADRA2A	ADRA2B	ADRA2C	AR	CACNA1H	CACNA2D2	CHRM5	CYP2C19	CYP2C9	CYP2D6	CYP3A4	CYP3A5	CYP3A7	DRD1	DRD2	DRD3	DRD4	DRD5	HRH1	HTR1A	HTR1D	HTR2A	HTR2B	HTR2C	HTR6	HTR7	OPRK1	ORM1	SLC6A2	SLC6A3	SLC6A4
	Haemolytic uraemic syndrome	ATP7A	ATP7B	FKBP1A	GSTM1	GSTT1	MT1A	MT2A	MTOR	NQO1	SLC10A2	SLC31A1	SLC31A2	SOD1
	Vertigo	ABCB1	CYP2C19	CYP2C8	CYP2C9	CYP2D6	CYP3A4	CYP3A5	CYP3A7	HTR1B	HTR1D	PTGS1	PTGS2	UGT1A3	UGT1A9
	Dry throat	ADRA2C	CHRM1	CHRM2	CHRM3	CHRM4	CHRM5	CYP2D6	CYP3A4	DRD1	DRD3	DRD4	HTR1B	HTR1D	HTR1E	HTR2A	HTR6
	Oropharyngeal discomfort	ADRB1	ADRB2	CYP2D6
	Thrombophlebitis	ABCB1	ABCG2	HTR1E
	Hallucination, auditory	SLC6A3
	Concussion	SLC6A2	SLC6A3	SLC6A4
	Sluggishness	ADRA1A	ADRA1B	ADRA2A	ADRA2B	ADRA2C	CHRM1	CHRM4	CHRM5	CYP3A5	CYP3A7	DRD1	DRD2	DRD3	DRD4	DRD5	HRH1	HTR1A	HTR1B	HTR1D	HTR1E	HTR2A	HTR2C	HTR3A	HTR6	HTR7	SLC6A3
	Erectile dysfunction	ABCB1	ACE	ADRA1A	ADRA1B	ADRA1D	ADRA2A	ADRA2B	ADRA2C	ADRB1	AR	ATP4A	CACNA1C	CACNA1D	CACNA1H	CACNA1S	CACNA2D1	CACNA2D2	CACNB2	CHRM1	CHRM2	CHRM3	CHRM4	CHRM5	CYP1A2	CYP2C19	CYP2C8	CYP2C9	CYP2D6	CYP3A4	CYP3A5	CYP3A7	DRD1	DRD2	DRD3	DRD4	DRD5	FMO1	HRH1	HTR1A	HTR1E	HTR2A	HTR2C	HTR3A	HTR6	HTR7	ORM1	SLC22A4	SLC6A2	SLC6A3	SLC6A4	UGT1A1	UGT2B7
	Dermatitis acneiform	NR3C1	SERPINA6
	Blepharitis	ABCG2	ADRA2A	ADRA2B	ADRA2C	CHRM3	CYP2D6	CYP3A5	CYP3A7	DRD1	DRD3	DRD4	DRD5	HTR1D	HTR1E	HTR2A	HTR2C	HTR3A	HTR6	HTR7
	Accidental overdose	OPRD1	OPRK1	OPRM1
	Multiple fractures	ATP4A	CYP2C19	CYP3A4
	Traumatic liver injury	CYP1A2	CYP2C9
	Blood urea increased	TOP2A
	Blood bilirubin increased	ABCB1	ABCC2	ABCG2	ABL1	CYP3A4	CYP3A7	DCK	KIT	PDGFRB	TOP2A
	Nephropathy toxic	GSTT1	SLC15A1	SLC15A2	SLC22A6
	Eye pain	HTR1D	TOP2A
	Injection site inflammation	TOP2A
	Laryngeal pain	CYP3A4	CYP3A7	DRD4
	Necrotising colitis	ABCC1	ABCC10	BCL2	CDA	CYP1B1
	Azoospermia	AR	XDH
	Torsade de pointes	ABCB1	ADRA1A	ADRA1B	ADRA1D	ADRA2A	ADRA2B	ADRA2C	CHRM1	CHRM2	CHRM3	CHRM4	CHRM5	CYP1A2	CYP2B6	CYP2C19	CYP2D6	CYP3A4	CYP3A5	CYP3A7	DRD1	DRD2	DRD3	DRD4	DRD5	GRIN2B	HRH1	HRH4	HTR1A	HTR1B	HTR1D	HTR1E	HTR2A	HTR2C	HTR3A	HTR6	HTR7	KCND2	KCND3	KCNH2	ORM1	SLC6A2	SLC6A4	TOP2A
	Colitis microscopic	ATP4A	CYP2C8	P2RY12
	Emprosthotonus	ADRA2B	ADRA2C	DRD1	DRD3	DRD4	HTR1D	HTR2C
	Arthritis	ABCB1	ABCG2	ATP4A	CYP1A2	CYP2C19	CYP2C8	CYP2C9	CYP2D6	CYP3A4	CYP3A5	CYP3A7
	Flatulence	ABCB1	ABCC4	CYP2C9	CYP2D6	CYP3A4	CYP3A5	CYP3A7	PTGS2	SLC22A6	SLCO1B1	UGT1A1	UGT1A3	UGT2B7
	Oral candidiasis	ABCG2	IMPDH1	IMPDH2
	Peripheral sensory neuropathy	CDA	DCK
	Fatigue	ABCB1	ABCC10	ABCG2	ADRA2B	ADRA2C	CHRM4	CYP1A2	CYP2C19	CYP2C8	CYP2C9	CYP2D6	CYP3A4	CYP3A5	CYP3A7	DCK	HRH1	HTR1A	HTR1B	HTR1D	HTR2A	HTR2B	HTR2C	HTR6	HTR7	ORM1	SLC6A4	UGT1A1	UGT1A3
	Erythema	ABCB1	ABCG2	CYP1B1	CYP2C8	CYP2C9	CYP3A5	CYP3A7
	Hypoalbuminaemia	ABCB1	ABL1	CSF1R	FLT1	FLT3	FLT4	KDR	KIT	PDGFRA	PDGFRB	UGT1A9
	Blindness transient	PDE6G	PDE6H
	Spinal compression fracture	ABCB1	ANXA1	NR3C1	SERPINA6	SLCO1A2
	Lymphoma	FKBP1A	MTOR
	Intestinal perforation	ABCC2	ABCC4	ATIC	TOP2A	UGT1A1	UGT1A7	UGT1A9
	Blood prolactin increased	ABCB1	ADRA1A	ADRA1B	ADRA2A	ADRA2B	ADRA2C	CACNA1A	CHRM1	CHRM2	CHRM3	CHRM4	CHRM5	CYP2D6	CYP3A4	CYP3A5	CYP3A7	DRD1	DRD2	DRD3	DRD4	DRD5	HRH1	HTR1A	HTR1B	HTR1D	HTR1E	HTR2A	HTR2C	HTR3A	HTR6	HTR7	SCN5A
	Tachypnoea	ADORA1	ADORA2A	HDAC2
	Withdrawal syndrome	ABCB1	CYP2D6	CYP3A4	GABRB1	OPRD1	OPRK1	OPRM1	SLC6A2	SLC6A4
	Acne	ABCB1	ABCG2	CYP3A4	CYP3A5	CYP3A7	DRD3	DRD4	FKBP1A	MTOR	PGR	SHBG
	Cardiac valve disease	ADRA2A	ADRA2B	ADRA2C	DRD1	DRD2	DRD3	DRD4	DRD5	HTR1A	HTR1B	HTR1D	HTR2A	HTR2B	HTR2C
	Pericardial effusion	ABCC10	ABCG2	ABL1	CSF1R	IMPDH1	KIT	PDGFRA	PDGFRB	UGT1A7
	Infertility	SLC7A5	SLCO4C1
	Non-Hodgkin's lymphoma	FKBP1A	MTOR
	Testicular pain	CYP2D6	SLC6A2	SLC6A3	SLC6A4	SRD5A1	SRD5A2
	Pelvic venous thrombosis	ESR1	ESR2
	Myalgia	ABCB1	ABCC1	ABCC10	ABCC2	ABCC4	ABCG2	ACE	AOX1	CYP1A2	CYP1B1	CYP2C19	CYP2C8	CYP2C9	CYP2D6	CYP3A4	CYP3A5	CYP3A7	DCK	SLCO1B1	XDH
	Ocular toxicity	ABCC3	ABCG2	NQO1
	Benign neoplasm of skin	IMPDH1	IMPDH2	UGT1A7
	Lipase increased	FLT1	FLT3	FLT4	KDR	KIT
	Malnutrition	ABCB1	ABCG2	CYP2C9	CYP2D6	CYP3A4	CYP3A5	CYP3A7	DCK
	Blepharospasm	ADRA1A	ADRA2A	ADRA2B	ADRA2C	CYP2D6	DRD1	DRD2	DRD3	DRD4	HRH1	HTR1A	HTR1B	HTR1D	HTR2A	HTR2C
	Osteonecrosis of jaw	ATP6V1A	FDPS	FLT1	FLT3	FLT4	KDR	KIT	PDGFRB	PTPRS
	Electrocardiogram T wave inversion	ADRA1A	ADRA1B	ADRA2A	ADRA2B	ADRA2C	ATP2C1	ATP5D	CHRM3	CYP2D6	CYP3A5	DRD1	DRD3	DRD4	GLRA1	GRIA1	HTR1A	HTR1D	HTR2A	HTR2C	HTR3A	KCNA1	ND1
	Cytomegalovirus infection	FKBP1A	MTOR	SLC6A14
	Depersonalisation	ABCB1	CYP2B6	CYP2C19	CYP2C9	CYP2D6	CYP3A4	CYP3A5	CYP3A7	HTR1D	HTR1E	HTR3A	SLC6A2	SLC6A4
	Piloerection	OPRD1	OPRK1	OPRM1
	Phobia	TOP2A
	Dermatitis contact	CYP2C8	CYP2C9	CYP3A4	NR3C1	RXRB
	Rash pustular	UGT1A10	UGT1A6
	Rash maculo-papular	ABCB1	ABCG2	CYP2C9	CYP3A4	CYP3A5	CYP3A7
	Acarodermatitis	ADRA2B	ADRA2C	DRD1	DRD3	DRD4	HTR1D	HTR2C
	Aspartate aminotransferase increased	ABCB1	ABCG2	CYP2C19	CYP2C9	CYP2D6	CYP3A4	CYP3A5	CYP3A7	KIT	PDGFRB
	Painful erection	SLC6A2	SLC6A3
	Hypomania	ADRA1A	ADRA1B	ADRA1D	ADRA2A	ADRA2C	ADRB3	CHRM1	CHRM2	CHRM3	CHRM4	CHRM5	CYP2B6	CYP2D6	DRD2	DRD5	HRH1	HRH4	HTR1A	HTR1D	HTR2A	HTR2C	HTR3A	HTR6	HTR7	KCND2	KCND3	ORM1	SIGMAR1	SLC6A2	SLC6A3	SLC6A4
	Blood uric acid increased	ABCB1	ABCC10	ABCG2	ABL1	AGTR1	CYP3A5	DCK	GSTP1	IMPDH1	IMPDH2	KIT	POLA1	RRM1	SLC12A1	SLC12A3	SLC28A3	SLC29A1	TOP2A	XDH
	Urine abnormality	IMPDH1	SCN2A
	Muscle contractions involuntary	ACHE	CYP2C19	CYP2D6	CYP3A4	DRD3	GRIN2B	GRIN3A	HTR1B	HTR1D	HTR2A
	Palpitations	ABCB1	ACE	ADRA1A	ADRA1B	ADRA1D	ADRA2C	ADRB1	ADRB2	CACNA1C	CACNA1D	CACNA2D1	CACNB2	CHRM1	CHRM2	CHRM3	CHRM4	CHRM5	CYP1A2	CYP2C19	CYP2C9	CYP2D6	CYP3A4	CYP3A5	CYP3A7	HRH1	HTR1A	HTR1B	HTR1D	HTR2C	MAOA	PDE5A	PTGS1	SLC22A4	SLC6A2	SLC6A3	SLC6A4
	Gingivitis	ABCB1	CYP2B6	CYP2C19	CYP2C9	CYP2D6	CYP3A4	CYP3A5	CYP3A7	IMPDH1
	Hyperpyrexia	ADRA1A	ADRA1B	CALM1	CHRM1	CHRM2	CHRM3	CHRM4	CHRM5	CYP1A2	CYP2D6	CYP2E1	DRD1	DRD2	DRD3	DRD4	DRD5	HRH4	HTR1A	HTR2A	HTR2C	HTR6
	Skin disorder	ABCB1	ABCG2	CYP2D6	CYP3A4	CYP3A5	CYP3A7
	Ventricular arrhythmia	ADORA1	ADORA2A	ADRA1A	ADRA1B	CYP1A2	CYP2D6	CYP3A7	DRD1	DRD2	DRD3	DRD5	HTR1E	HTR2A	HTR3A	HTR7	KCNH2	PDE3A	PDE4A	PDE5A	SCN10A	SLC6A3	TOP2A
	Varicose vein	ESR1
	Gallbladder disorder	ESR1	ESR2	SLCO1A2	SLCO1B1	SLCO2B1
	Alcohol abuse	OPRD1	OPRK1	OPRM1
	Urticaria	ABCB1	ABCC2	ALB	CYP1A2	CYP2C18	CYP2C19	CYP2C8	CYP2C9	CYP2D6	CYP3A4	CYP3A5	CYP3A7	ORM1	PTGS1	PTGS2	SLC22A6	SLCO1A2
	Depressed level of consciousness	CYP2B6	CYP3A4	CYP3A5	CYP3A7	GABRA1	GABRA2	GABRA3	GABRA4	GABRA5	GABRA6	GABRB1	GABRB2	GABRB3	GABRD	GABRE	GABRG1	GABRG2	GABRG3	GABRP	GABRQ	GABRR1	GABRR2	GABRR3	GRIA2	GRIK2	HTR1D	OPRK1	SCN5A	TSPO	UGT2B15
